-- phpMyAdmin SQL Dump
-- version 5.0.3
-- https://www.phpmyadmin.net/
--
-- Servidor: 127.0.0.1
-- Tiempo de generación: 09-12-2022 a las 23:20:06
-- Versión del servidor: 10.4.14-MariaDB
-- Versión de PHP: 7.4.11

SET SQL_MODE = "NO_AUTO_VALUE_ON_ZERO";
START TRANSACTION;
SET time_zone = "+00:00";


/*!40101 SET @OLD_CHARACTER_SET_CLIENT=@@CHARACTER_SET_CLIENT */;
/*!40101 SET @OLD_CHARACTER_SET_RESULTS=@@CHARACTER_SET_RESULTS */;
/*!40101 SET @OLD_COLLATION_CONNECTION=@@COLLATION_CONNECTION */;
/*!40101 SET NAMES utf8mb4 */;

--
-- Base de datos: `reysmandb`
--

DELIMITER $$
--
-- Procedimientos
--
CREATE DEFINER=`root`@`localhost` PROCEDURE `DELETE_COMPRA` (IN `pcod` INT)  BEGIN
	delete from tbl_detalles_compra where COD_COMPRA = pcod;
    delete from tbl_compras where COD_COMPRA = pcod;
END$$

CREATE DEFINER=`root`@`localhost` PROCEDURE `DELETE_VENTAS` (IN `pcod` INT)  BEGIN
	delete from tbl_detalles_venta where COD_VENTA = pcod;
    delete from tbl_ventas where COD_VENTA = pcod;
END$$

CREATE DEFINER=`root`@`localhost` PROCEDURE `eliminarPersonas` (IN `Pcod` BIGINT)  begin

	start transaction;

  delete from  tbl_personas  where COD_PERSONA  = Pcod;

   commit;

select 0 as codigo,'Eliminado correctamente' as mensaje;
END$$

CREATE DEFINER=`root`@`localhost` PROCEDURE `INSERTAR_COMPRA` (IN `PPROVEEDOR` INT, IN `PTOTAL_PAGAR` VARCHAR(100), IN `Pproducto` JSON, IN `puser` VARCHAR(50), IN `pisv` DOUBLE)  begin

	declare dventa int;
     DECLARE vItems INT;
     DECLARE vIndex BIGINT UNSIGNED DEFAULT 0;
    declare codproducto int;
    declare bcantidad int;
    declare btotal double;
    declare bpreci double;
   declare ptotal INT;
   start transaction;
INSERT INTO TBL_COMPRAS
(COD_PROVEEDOR, FECHA, TOT_COMPRA)
VALUES(PPROVEEDOR,NOW(),PTOTAL_PAGAR);
SELECT MAX(COD_COMPRA) INTO dventa FROM TBL_COMPRAS;

SET vItems = JSON_LENGTH(Pproducto);
   WHILE vIndex < vItems DO
    SET codproducto = JSON_UNQUOTE(JSON_EXTRACT(Pproducto, CONCAT('$[', vIndex, '].codproducto')));
    SET bcantidad = JSON_UNQUOTE(JSON_EXTRACT(Pproducto, CONCAT('$[', vIndex, '].cantidad')));
    SET bpreci = JSON_UNQUOTE(JSON_EXTRACT(Pproducto, CONCAT('$[', vIndex, '].precio')));
    SET btotal = JSON_UNQUOTE(JSON_EXTRACT(Pproducto, CONCAT('$[', vIndex, '].total')));  
INSERT INTO TBL_DETALLES_COMPRA
(COD_COMPRA, COD_ARTICULO, CANTIDAD, PREC_COMPRA, TOTAL, FEC_REGISTRO)
VALUES(dventa,codproducto,bcantidad,bpreci,btotal,now());

if exists(select EXISTENCIA from tbl_inventario where COD_ARTICULO = codproducto) then
   set ptotal = (select EXISTENCIA from tbl_inventario where COD_ARTICULO = codproducto);
   update tbl_inventario set EXISTENCIA = (ptotal+bcantidad) where COD_ARTICULO = codproducto;
  else
   INSERT INTO tbl_inventario
   (COD_ARTICULO, DESCRIPCIONPRODUCTO, EXISTENCIA, ESTADO)
   VALUES(codproducto, 'Mercancia',bcantidad,0);
  end if;

   INSERT INTO tbl_movimientos
(DESCRIPCION, CANTIDAD, COD_ARTICULO,Fecha,usuario)
VALUES('ENTRADA', bcantidad, codproducto,now(),puser);


     SET vIndex = vIndex + 1;
    END WHILE;
   commit;
END$$

CREATE DEFINER=`root`@`localhost` PROCEDURE `InsertPreguntasUser` (IN `pCodpregunta` BIGINT, IN `pCodUsuario` BIGINT, IN `pRespues` VARCHAR(30))  begin
	
	declare num int;
    declare _limite int;
	
	start transaction;
    if exists(select * from tbl_pregunta_usuario where COD_PREGUNTA = pCodpregunta and COD_USUARIO = pCodUsuario) then 
       select 0 as codigo, 'Seleccione una pregunta diferente' as descripcion;
    else
       set num = (select count(COD_PREGUNTA) from  tbl_pregunta_usuario where COD_USUARIO = pCodUsuario);
       SET _limite = (SELECT VALOR FROM tbl_parametros WHERE PARAMETRO = 'ADMIN_PREGUNTAS_RECU');
     if(num = _limite)then
      select 1 as codigo;
     else
	    insert into tbl_pregunta_usuario(COD_PREGUNTA,COD_USUARIO,RESPUESTA,FEC_REGISTRO,ULT_MODIFICACION) values(pCodpregunta,pCodUsuario,pRespues,now(),now());
	    select 0 as codigo, 'Agregada correctamente' as descripcion;
    end if;
  end if;
    commit;
END$$

CREATE DEFINER=`root`@`localhost` PROCEDURE `Insert_Usuario` (IN `per` INT, IN `rol` INT, IN `usu` VARCHAR(20), IN `email` VARCHAR(50), IN `contra` VARCHAR(50))  begin
	INSERT INTO TBL_USUARIOS
(COD_PERSONA, COD_ROL, USUARIO, EMAIL, CONTRASEÑA, FEC_REGISTRO, ULT_MODIFICACION, ESTADO)
VALUES(per,rol,usu,email,contra,now(),now(), 'Nuevo');
END$$

CREATE DEFINER=`root`@`localhost` PROCEDURE `INSERT_VENTAS` (IN `PCLIENTE` INT, IN `PSUBTOTAL` DECIMAL(10,2), IN `PTOTAL_PAGAR` VARCHAR(100), IN `Pproducto` JSON, IN `puser` VARCHAR(100), IN `pisv` DOUBLE)  BEGIN
	
	declare dventa int;
     DECLARE vItems INT;
     DECLARE vIndex BIGINT UNSIGNED DEFAULT 0;
    declare codproducto int;
    declare bcantidad int;
    declare btotal double;
    declare bpreci double;
    declare ptotal int;
   start transaction;
	INSERT INTO tbl_ventas
(COD_CLIENTE, FECHA, NUM_FACTURA, SUB_TOTAL, IMPUESTO, TOT_PAGAR, FEC_REGISTRO, ULT_MODIFICACION)
VALUES(PCLIENTE,now(),11,PSUBTOTAL,pisv,PTOTAL_PAGAR,now(),now());
SELECT MAX(COD_VENTA) INTO dventa FROM tbl_ventas;


SET vItems = JSON_LENGTH(Pproducto);
   WHILE vIndex < vItems DO
    SET codproducto = JSON_UNQUOTE(JSON_EXTRACT(Pproducto, CONCAT('$[', vIndex, '].codproducto')));
    SET bcantidad = JSON_UNQUOTE(JSON_EXTRACT(Pproducto, CONCAT('$[', vIndex, '].cantidad')));
    SET bpreci = JSON_UNQUOTE(JSON_EXTRACT(Pproducto, CONCAT('$[', vIndex, '].precio')));
    SET btotal = JSON_UNQUOTE(JSON_EXTRACT(Pproducto, CONCAT('$[', vIndex, '].total')));
--     SET B_DNI = JSON_UNQUOTE(JSON_EXTRACT(B_BENEFICIARIOS, CONCAT('$[', vIndex, '].DNI')));
--     SET B_ESTADOCIVIL = JSON_UNQUOTE(JSON_EXTRACT(B_BENEFICIARIOS, CONCAT('$[', vIndex, '].ESTADOCIVIL')));
--     SET B_FECNACIMIENTO = JSON_UNQUOTE(JSON_EXTRACT(B_BENEFICIARIOS, CONCAT('$[', vIndex, '].FECNACIMIENTO')));
   
   set ptotal = (select EXISTENCIA from tbl_inventario where COD_ARTICULO = codproducto);
   update tbl_inventario set EXISTENCIA = (ptotal-bcantidad) where COD_ARTICULO = codproducto;
   
   INSERT INTO tbl_detalles_venta (COD_VENTA, COD_ARTICULO, CANTIDAD, PREC_VENTA, TOTAL, DESCUENTO, FEC_REGISTRO, ULT_MODIFICACION) 
   VALUES(dventa,codproducto,bcantidad,bpreci,btotal,0,now(),now());
  
     INSERT INTO tbl_movimientos
(DESCRIPCION, CANTIDAD, COD_ARTICULO,Fecha,usuario)
VALUES('SALIDA', bcantidad, codproducto,now(),puser);

     SET vIndex = vIndex + 1;
    END WHILE;
   commit;
END$$

CREATE DEFINER=`root`@`localhost` PROCEDURE `Login` (IN `USERR` VARCHAR(100), IN `PASS` VARCHAR(200))  begin
	
declare num int;
declare numerorestar int;
declare numm int;
declare codUsuario int;

		start transaction;

	
if exists(select * from tbl_usuarios where USUARIO = USERR and ESTADO = 'Bloqueado')THEN 
 	SELECT 1 as codigo, 'El usuario está bloqueadoo, comuniquese con el administrador' as mensaje;
   commit;
end if;

if exists(select * from tbl_usuarios where USUARIO = USERR and ESTADO='Desactivo')THEN 
 	SELECT 1 as codigo, 'El usuario está desactivado, comuniquese con el administrador' as mensaje;
     commit;
end if;

if not exists(select * from tbl_usuarios where USUARIO = USERR) then 
   select 1 as codigo,'El usuario no existe' as mensaje;
   commit;
end if;

if exists (select * from tbl_usuarios where USUARIO = USERR and CONTRASEÑA = PASS and ESTADO = 'Nuevo') then 
	       SELECT * from tbl_usuarios tu 
	       join tbl_personas tp 
	       on tu.COD_PERSONA = tp.COD_PERSONA 
	       join tbl_roles tr 
	       on tu.COD_ROL = tr.COD_ROL 
	       where USUARIO=USERR;
	       commit;
 end if;


if exists(select * from tbl_usuarios where USUARIO = USERR and CONTRASEÑA = PASS and ESTADO = 'Activo') THEN 
	   --   update tbl_usuarios set fec_ultima_conexion = curdate() where correo = upper(pcorreo);
	      set num = (select VALOR from tbl_parametros where PARAMETRO = 'ADMIN_INTENTOS');
          update tbl_usuarios set INTENTOS = num where USUARIO = USERR;
          commit;
	       SELECT * from tbl_usuarios tu 
	       join tbl_personas tp 
	       on tu.COD_PERSONA = tp.COD_PERSONA 
	       join tbl_roles tr 
	       on tu.COD_ROL = tr.COD_ROL 
	       where USUARIO=USERR;
else
		 set num = (select INTENTOS from tbl_usuarios where USUARIO = USERR);
         set numerorestar=(num-1);
         update tbl_usuarios set INTENTOS = numerorestar where USUARIO = USERR;
         set numm = (select INTENTOS from tbl_usuarios where USUARIO = USERR);
         commit;

        if(numm = 0) then
          update tbl_usuarios set ESTADO = 'Bloqueado' where USUARIO = USERR;
          select 1 as codigo,'se ha bloqueado el usuario, comuniquese con el administrador' as mensaje;
          commit;
        end if;
       
         select 1 as codigo, 'El correo o la contraseña son incorrectos' as mensaje;
	   end if;

	-- commit;
END$$

CREATE DEFINER=`root`@`localhost` PROCEDURE `PreguntasLogin` ()  begin
	DECLARE _limite int;
    SET _limite = (SELECT VALOR FROM tbl_parametros WHERE PARAMETRO = 'ADMIN_PREGUNTAS_RECU');
    SELECT * FROM tbl_preguntas ORDER BY RAND() LIMIT _limite;
END$$

CREATE DEFINER=`root`@`localhost` PROCEDURE `RecuConfigPreguntas` (IN `codpregunta` INT, IN `prespuesta` VARCHAR(100), IN `pusuario` VARCHAR(100))  begin
	if exists(select * from tbl_pregunta_usuario p inner join tbl_usuarios u on u.COD_USUARIO = p.COD_USUARIO where p.COD_PREGUNTA = codpregunta and p.RESPUESTA = prespuesta and u.USUARIO = pusuario) then 
	   select * from tbl_pregunta_usuario p inner join tbl_usuarios u on u.COD_USUARIO = p.COD_USUARIO where p.COD_PREGUNTA = codpregunta and p.RESPUESTA = prespuesta and u.USUARIO = pusuario;
	   else
	   select 1 as codigo;
	   end if;
END$$

CREATE DEFINER=`root`@`localhost` PROCEDURE `RecuCorreoElectronico` (IN `pcorreo` VARCHAR(100))  begin
	if exists(select * from tbl_usuarios where EMAIL = pcorreo) then 
	   select 0 as codigo;
	  else
	  select 1 as codigo;
	 end if;
END$$

CREATE DEFINER=`root`@`localhost` PROCEDURE `RegistroUsuario` (IN `pPRIMER_NOMBRE` VARCHAR(100), IN `pSEGUNDO_NOMBRE` VARCHAR(100), IN `pPRIMER_APELLIDO` VARCHAR(100), IN `pSEGUNDO_APELLIDO` VARCHAR(100), IN `pDNI` INT, IN `pFEC_NACIMIENTO` DATE, IN `pEST_CIVIL` VARCHAR(100), IN `pSEXO` VARCHAR(100), IN `pTELEFONO` INT, IN `pDIREECION` VARCHAR(100), IN `pUSUARIO` VARCHAR(100), IN `pEMAIL` VARCHAR(100), IN `pCONTRASEÑA` VARCHAR(200))  BEGIN
	declare pCodPersona bigint;
    declare num bigint;
	 
	start transaction;
	
	INSERT INTO tbl_personas
(PRIMER_NOMBRE, SEGUNDO_NOMBRE, PRIMER_APELLIDO, SEGUNDO_APELLIDO, DNI, FEC_NACIMIENTO, EST_CIVIL, SEXO, TELEFONO, DIREECION, FEC_REGISTRO)
VALUES(upper(pPRIMER_NOMBRE),upper(pSEGUNDO_NOMBRE),upper(pPRIMER_APELLIDO),upper(pSEGUNDO_APELLIDO),pDNI,pFEC_NACIMIENTO,pEST_CIVIL,pSEXO,pTELEFONO,upper(pDIREECION),now());

SET pCodPersona = (select LAST_INSERT_ID());

 set num = (select valor from tbl_parametros where PARAMETRO = 'ADMIN_INTENTOS');

INSERT INTO tbl_usuarios
(COD_PERSONA, COD_ROL, USUARIO, EMAIL, CONTRASEÑA,FEC_REGISTRO, ESTADO, PRIMER_VEZ, INTENTOS)
VALUES(pCodPersona,1,upper(pUSUARIO),pEMAIL,pCONTRASEÑA,now(),'Nuevo',0, num);



commit;
END$$

CREATE DEFINER=`root`@`localhost` PROCEDURE `SELECT_DETALLES` (IN `COD` INT)  BEGIN
	select v.*,ta.NOM_ART  from tbl_detalles_venta v inner join tbl_articulos ta on v.COD_ARTICULO = ta.COD_ARTICULO where COD_VENTA = COD;
END$$

CREATE DEFINER=`root`@`localhost` PROCEDURE `Update_Usuarios` (IN `PI_COD_USUARIO` INT, IN `PI_COD_PERSONA` INT, IN `PI_COD_ROL` INT, IN `PV_USUARIO` VARCHAR(50), IN `PV_EMAIL` VARCHAR(50))  begin
	UPDATE TBL_USUARIOS
SET

COD_PERSONA     =  PI_COD_PERSONA,
COD_ROL           = PI_COD_ROL,
USUARIO         =  PV_USUARIO ,
EMAIL            = PV_EMAIL ,
FEC_REGISTRO     = now(),
ULT_MODIFICACION = now()

WHERE COD_USUARIO =PI_COD_USUARIO; 

END$$

DELIMITER ;

-- --------------------------------------------------------

--
-- Estructura de tabla para la tabla `tbl_articulos`
--

CREATE TABLE `tbl_articulos` (
  `COD_ARTICULO` int(11) NOT NULL,
  `COD_CATEGORIA` int(11) NOT NULL COMMENT 'FK',
  `NOM_ART` varchar(45) NOT NULL,
  `PREC_COMPRA` decimal(10,0) DEFAULT NULL,
  `PREC_VENTA` decimal(10,0) NOT NULL,
  `DESCRIPCION` varchar(200) NOT NULL,
  `ESTADO` int(11) NOT NULL,
  `FEC_MODIFICACION` datetime NOT NULL,
  `ULT_MODIFICACION` datetime NOT NULL
) ENGINE=InnoDB DEFAULT CHARSET=utf8mb4;

--
-- Volcado de datos para la tabla `tbl_articulos`
--

INSERT INTO `tbl_articulos` (`COD_ARTICULO`, `COD_CATEGORIA`, `NOM_ART`, `PREC_COMPRA`, `PREC_VENTA`, `DESCRIPCION`, `ESTADO`, `FEC_MODIFICACION`, `ULT_MODIFICACION`) VALUES
(1, 3, 'CAMISA DE DAMA', '3', '2', 'CAMISA', 1, '0000-00-00 00:00:00', '0000-00-00 00:00:00'),
(2, 3, 'PANTALON DE DAMA', '12', '20', 'PANTALON', 1, '0000-00-00 00:00:00', '0000-00-00 00:00:00'),
(3, 3, 'BLUSA', '77', '77', 'BLUSA DE DAMA', 1, '0000-00-00 00:00:00', '0000-00-00 00:00:00'),
(4, 3, 'PRUEBAAA', NULL, '30', 'prueba', 1, '0000-00-00 00:00:00', '0000-00-00 00:00:00');

-- --------------------------------------------------------

--
-- Estructura de tabla para la tabla `tbl_backup`
--

CREATE TABLE `tbl_backup` (
  `COD_BACKUP` int(11) NOT NULL,
  `NOMBRE` varchar(200) DEFAULT NULL,
  `USUARIO_REGISTRO` int(11) DEFAULT NULL,
  `FECHA_REGISTRO` date DEFAULT NULL
) ENGINE=InnoDB DEFAULT CHARSET=utf8mb4;

--
-- Volcado de datos para la tabla `tbl_backup`
--

INSERT INTO `tbl_backup` (`COD_BACKUP`, `NOMBRE`, `USUARIO_REGISTRO`, `FECHA_REGISTRO`) VALUES
(1, '946Backup.sql', 0, '2022-11-27'),
(2, 'backup/177Backup.sql', 0, '2022-12-01'),
(3, 'backup/740Backup.sql', 0, '2022-12-01'),
(4, 'backup/537Backup.sql', 0, '2022-12-01'),
(5, 'backup/Backup5-12-2022.sql', 0, '2022-12-05'),
(6, 'backup/5-12-2022-Backup.sql', 0, '2022-12-05');

-- --------------------------------------------------------

--
-- Estructura de tabla para la tabla `tbl_bitacora`
--

CREATE TABLE `tbl_bitacora` (
  `COD_BITACORA` int(11) NOT NULL,
  `ACCION` varchar(100) DEFAULT NULL,
  `FECHA` varchar(100) DEFAULT NULL,
  `COD_USUARIO` int(11) DEFAULT NULL,
  `TABLA_MODIFICADA` varchar(100) DEFAULT NULL
) ENGINE=InnoDB DEFAULT CHARSET=utf8mb4;

--
-- Volcado de datos para la tabla `tbl_bitacora`
--

INSERT INTO `tbl_bitacora` (`COD_BITACORA`, `ACCION`, `FECHA`, `COD_USUARIO`, `TABLA_MODIFICADA`) VALUES
(2847, 'SALIO', '2022-11-30T23:53:48.701Z', 1, 'BITACORA'),
(2848, 'INGRESO', '2022-11-30T23:53:48.766Z', 1, 'PERMISOS'),
(2849, 'INGRESO', '2022-11-30T23:53:51.582Z', 1, 'PERMISOS'),
(2850, 'SALIO', '2022-11-30T23:53:54.539Z', 1, 'PERMISOS'),
(2851, 'INGRESO', '2022-11-30T23:53:54.560Z', 1, 'BITACORA'),
(2852, 'INGRESO', '2022-11-30T23:54:58.641Z', 1, 'BITACORA'),
(2853, 'SALIO', '2022-11-30T23:55:45.194Z', 1, 'BITACORA'),
(2854, 'INGRESO', '2022-11-30T23:55:45.214Z', 1, 'CLIENTES'),
(2855, 'SALIO', '2022-11-30T23:55:45.867Z', 1, 'CLIENTES'),
(2856, 'INGRESO', '2022-11-30T23:55:45.905Z', 1, 'VENTAS'),
(2857, 'INGRESO', '2022-11-30T23:59:08.504Z', 1, 'VENTAS'),
(2858, 'INGRESO', '2022-11-30T23:59:18.766Z', 1, 'VENTAS'),
(2859, 'SALIO', '2022-11-30T23:59:20.822Z', 1, 'VENTAS'),
(2860, 'INGRESO', '2022-11-30T23:59:20.857Z', 3, 'COMPRAS'),
(2861, 'INGRESO', '2022-12-01T00:08:36.244Z', 3, 'COMPRAS'),
(2862, 'INGRESO', '2022-12-01T00:08:52.729Z', 3, 'COMPRAS'),
(2863, 'INGRESO', '2022-12-01T00:13:50.241Z', 3, 'COMPRAS'),
(2864, 'INGRESO', '2022-12-01T00:15:03.674Z', 3, 'COMPRAS'),
(2865, 'INGRESO', '2022-12-01T00:15:58.967Z', 3, 'COMPRAS'),
(2866, 'INGRESO', '2022-12-01T00:16:09.068Z', 3, 'COMPRAS'),
(2867, 'INGRESO', '2022-12-01T00:16:42.507Z', 3, 'COMPRAS'),
(2868, 'INGRESO', '2022-12-01T00:17:30.915Z', 3, 'COMPRAS'),
(2869, 'INGRESO', '2022-12-01T00:17:55.792Z', 3, 'COMPRAS'),
(2870, 'INGRESO', '2022-12-01T00:18:28.504Z', 3, 'COMPRAS'),
(2871, 'INGRESO', '2022-12-01T00:18:47.482Z', 3, 'COMPRAS'),
(2872, 'INGRESO', '2022-12-01T00:19:32.465Z', 3, 'COMPRAS'),
(2873, 'INGRESO', '2022-12-01T00:21:24.086Z', 3, 'COMPRAS'),
(2874, 'INGRESO', '2022-12-01T00:23:33.990Z', 3, 'COMPRAS'),
(2875, 'INGRESO', '2022-12-01T00:24:36.374Z', 3, 'COMPRAS'),
(2876, 'INGRESO', '2022-12-01T00:25:48.107Z', 3, 'COMPRAS'),
(2877, 'INGRESO', '2022-12-01T00:29:24.788Z', 3, 'COMPRAS'),
(2878, 'INGRESO', '2022-12-01T00:30:28.269Z', 3, 'COMPRAS'),
(2879, 'INGRESO', '2022-12-01T00:32:57.691Z', 3, 'COMPRAS'),
(2880, 'INGRESO', '2022-12-01T00:38:40.305Z', 3, 'COMPRAS'),
(2881, 'INGRESO', '2022-12-01T00:39:19.918Z', 3, 'COMPRAS'),
(2882, 'INGRESO', '2022-12-01T00:40:06.981Z', 3, 'COMPRAS'),
(2883, 'INGRESO', '2022-12-01T00:41:24.401Z', 3, 'COMPRAS'),
(2884, 'INGRESO', '2022-12-01T00:41:56.017Z', 3, 'COMPRAS'),
(2885, 'INGRESO', '2022-12-01T00:45:51.672Z', 3, 'COMPRAS'),
(2886, 'INGRESO', '2022-12-01T00:46:59.775Z', 3, 'COMPRAS'),
(2887, 'SALIO', '2022-12-01T00:48:34.399Z', 1, 'COMPRAS'),
(2888, 'INGRESO', '2022-12-01T00:48:34.489Z', 1, 'USUARIOS'),
(2889, 'SALIO', '2022-12-01T00:48:35.241Z', 1, 'USUARIOS'),
(2890, 'INGRESO', '2022-12-01T00:48:35.265Z', 1, 'OBJETOS'),
(2891, 'SALIO', '2022-12-01T00:48:35.624Z', 1, 'OBJETOS'),
(2892, 'INGRESO', '2022-12-01T00:48:35.654Z', 1, 'ROLES'),
(2893, 'SALIO', '2022-12-01T00:48:37.444Z', 1, 'ROLES'),
(2894, 'INGRESO', '2022-12-01T00:48:37.471Z', 1, 'OBJETOS'),
(2895, 'SALIO', '2022-12-01T00:48:38.909Z', 1, 'OBJETOS'),
(2896, 'INGRESO', '2022-12-01T00:48:38.938Z', 1, 'USUARIOS'),
(2897, 'SALIO', '2022-12-01T00:48:41.465Z', 1, 'USUARIOS'),
(2898, 'INGRESO', '2022-12-01T00:48:41.500Z', 1, 'PERMISOS'),
(2899, 'ACTUALIZO', '2022-12-01T00:48:46.438Z', 1, 'PERMISOS'),
(2900, 'ACTUALIZO', '2022-12-01T00:48:51.391Z', 1, 'PERMISOS'),
(2901, 'ACTUALIZO', '2022-12-01T00:48:57.032Z', 1, 'PERMISOS'),
(2902, 'ACTUALIZO', '2022-12-01T00:49:04.387Z', 1, 'PERMISOS'),
(2903, 'ACTUALIZO', '2022-12-01T00:49:11.582Z', 1, 'PERMISOS'),
(2904, 'ACTUALIZO', '2022-12-01T00:49:19.882Z', 1, 'PERMISOS'),
(2905, 'ACTUALIZO', '2022-12-01T00:49:29.181Z', 1, 'PERMISOS'),
(2906, 'SALIO', '2022-12-01T00:49:32.279Z', 1, 'PERMISOS'),
(2907, 'INGRESO', '2022-12-01T00:49:32.304Z', 1, 'USUARIOS'),
(2908, 'SALIO', '2022-12-01T00:49:59.844Z', 1, 'USUARIOS'),
(2909, 'INGRESO', '2022-12-01T00:49:59.912Z', 3, 'COMPRAS'),
(2910, 'INGRESO', '2022-12-01T00:50:09.541Z', 3, 'COMPRAS'),
(2952, 'INGRESO', '2022-12-01T19:22:58.335Z', 3, 'PROVEEDORES'),
(2953, 'SALIO', '2022-12-01T19:22:59.174Z', 1, 'PROVEEDORES'),
(2954, 'INGRESO', '2022-12-01T19:22:59.201Z', 3, 'COMPRAS'),
(2955, 'SALIO', '2022-12-01T19:23:03.024Z', 1, 'COMPRAS'),
(2956, 'INGRESO', '2022-12-01T19:23:03.055Z', 3, 'PROVEEDORES'),
(2957, 'SALIO', '2022-12-01T19:23:07.520Z', 1, 'PROVEEDORES'),
(2958, 'INGRESO', '2022-12-01T19:23:07.574Z', 1, 'VENTAS'),
(2959, 'SALIO', '2022-12-01T19:23:10.397Z', 1, 'VENTAS'),
(2960, 'INGRESO', '2022-12-01T19:23:10.453Z', 3, 'VENTAS'),
(2961, 'SALIO', '2022-12-01T19:24:35.434Z', 1, 'VENTAS'),
(2962, 'INGRESO', '2022-12-01T19:24:35.449Z', 1, 'CATEGORIAS'),
(2963, 'SALIO', '2022-12-01T19:24:46.154Z', 1, 'CATEGORIAS'),
(2964, 'INGRESO', '2022-12-01T19:24:46.197Z', 1, 'ARTICULOS'),
(2965, 'SALIO', '2022-12-01T19:25:01.629Z', 1, 'ARTICULOS'),
(2966, 'INGRESO', '2022-12-01T19:25:01.653Z', 1, 'INVENTARIO'),
(2967, 'SALIO', '2022-12-01T19:25:03.551Z', 1, 'ARTICULOS'),
(2968, 'INGRESO', '2022-12-01T19:25:03.557Z', 1, 'MOVIMIENTOS'),
(2969, 'SALIO', '2022-12-01T19:25:05.282Z', 1, 'MOVIMIENTOS'),
(2970, 'INGRESO', '2022-12-01T19:25:05.301Z', 1, 'INVENTARIO'),
(2971, 'SALIO', '2022-12-01T19:25:05.824Z', 1, 'ARTICULOS'),
(2972, 'INGRESO', '2022-12-01T19:25:05.844Z', 1, 'ARTICULOS'),
(2973, 'SALIO', '2022-12-01T19:25:06.308Z', 1, 'ARTICULOS'),
(2974, 'INGRESO', '2022-12-01T19:25:06.319Z', 1, 'CATEGORIAS'),
(2975, 'SALIO', '2022-12-01T19:25:07.322Z', 1, 'CATEGORIAS'),
(2976, 'INGRESO', '2022-12-01T19:25:07.342Z', 1, 'ARTICULOS'),
(2977, 'SALIO', '2022-12-01T19:25:07.809Z', 1, 'ARTICULOS'),
(2978, 'INGRESO', '2022-12-01T19:25:07.823Z', 1, 'INVENTARIO'),
(2979, 'SALIO', '2022-12-01T19:25:08.277Z', 1, 'ARTICULOS'),
(2980, 'INGRESO', '2022-12-01T19:25:08.285Z', 1, 'MOVIMIENTOS'),
(2981, 'SALIO', '2022-12-01T19:25:09.959Z', 1, 'MOVIMIENTOS'),
(2982, 'INGRESO', '2022-12-01T19:25:09.974Z', 1, 'CLIENTES'),
(2983, 'SALIO', '2022-12-01T19:25:10.474Z', 1, 'CLIENTES'),
(2984, 'INGRESO', '2022-12-01T19:25:10.527Z', 1, 'VENTAS'),
(2985, 'SALIO', '2022-12-01T19:25:10.987Z', 1, 'VENTAS'),
(2986, 'INGRESO', '2022-12-01T19:25:11.018Z', 1, 'TIPO CLIENTES'),
(2987, 'SALIO', '2022-12-01T19:25:14.061Z', 1, 'TIPO CLIENTES'),
(2988, 'INGRESO', '2022-12-01T19:25:14.089Z', 3, 'PROVEEDORES'),
(2989, 'SALIO', '2022-12-01T19:25:14.582Z', 1, 'PROVEEDORES'),
(2990, 'INGRESO', '2022-12-01T19:25:14.606Z', 3, 'COMPRAS'),
(2991, 'SALIO', '2022-12-01T19:25:21.136Z', 1, 'COMPRAS'),
(2992, 'INGRESO', '2022-12-01T19:25:21.163Z', 1, 'INVENTARIO'),
(2993, NULL, NULL, NULL, NULL),
(2994, 'INGRESO', '2022-12-01T19:26:57.223Z', 1, 'INVENTARIO'),
(2995, 'INGRESO', '2022-12-01T19:28:43.496Z', 1, 'INVENTARIO'),
(2996, NULL, NULL, NULL, NULL),
(2997, 'INGRESO', '2022-12-01T19:29:47.673Z', 1, 'INVENTARIO'),
(2998, NULL, NULL, NULL, NULL),
(2999, 'INGRESO', '2022-12-01T19:33:07.998Z', 1, 'INVENTARIO'),
(3000, 'INGRESO', '2022-12-01T19:34:13.154Z', 1, 'INVENTARIO'),
(3001, 'INGRESO', '2022-12-01T19:34:34.668Z', 1, 'INVENTARIO'),
(3002, 'SALIO', '2022-12-01T19:34:41.955Z', 1, 'ARTICULOS'),
(3003, 'INGRESO', '2022-12-01T19:34:42.021Z', 1, 'PERSONAS'),
(3004, 'SALIO', '2022-12-01T19:34:44.504Z', 1, 'PERSONAS'),
(3005, 'INGRESO', '2022-12-01T19:34:44.517Z', 1, 'INVENTARIO'),
(3006, 'INGRESO', '2022-12-01T19:36:02.525Z', 1, 'INVENTARIO'),
(3007, 'SALIO', '2022-12-01T19:36:06.325Z', 1, 'ARTICULOS'),
(3008, 'INGRESO', '2022-12-01T19:36:06.381Z', 1, 'CATEGORIAS'),
(3009, 'SALIO', '2022-12-01T19:36:06.957Z', 1, 'CATEGORIAS'),
(3010, 'INGRESO', '2022-12-01T19:36:06.973Z', 1, 'INVENTARIO'),
(3011, 'SALIO', '2022-12-01T19:36:18.510Z', 1, 'ARTICULOS'),
(3012, 'INGRESO', '2022-12-01T19:36:18.533Z', 1, 'ARTICULOS'),
(3013, 'SALIO', '2022-12-01T19:36:21.308Z', 1, 'ARTICULOS'),
(3014, 'INGRESO', '2022-12-01T19:36:21.326Z', 1, 'INVENTARIO'),
(3015, 'INGRESO', '2022-12-01T19:39:42.379Z', 1, 'INVENTARIO'),
(3016, 'INGRESO', '2022-12-01T19:40:20.850Z', 1, 'INVENTARIO'),
(3017, NULL, NULL, NULL, NULL),
(3018, 'SALIO', '2022-12-01T19:40:35.959Z', 1, 'ARTICULOS'),
(3019, 'INGRESO', '2022-12-01T19:40:36.017Z', 1, 'USUARIOS'),
(3020, 'INGRESO', '2022-12-01T19:41:32.819Z', 1, 'USUARIOS'),
(3021, 'INGRESO', '2022-12-01T19:41:38.139Z', 1, 'USUARIOS'),
(3022, 'INGRESO', '2022-12-01T19:41:46.906Z', 1, 'USUARIOS'),
(3023, 'INGRESO', '2022-12-01T19:41:58.004Z', 1, 'USUARIOS'),
(3024, 'INGRESO', '2022-12-01T19:42:18.180Z', 1, 'USUARIOS'),
(3025, 'INGRESO', '2022-12-01T19:42:31.986Z', 1, 'USUARIOS'),
(3026, 'INGRESO', '2022-12-01T19:42:41.328Z', 1, 'USUARIOS'),
(3027, 'INGRESO', '2022-12-01T19:42:58.064Z', 1, 'USUARIOS'),
(3028, 'INGRESO', '2022-12-01T19:43:07.340Z', 1, 'USUARIOS'),
(3029, 'INGRESO', '2022-12-01T19:43:20.878Z', 1, 'USUARIOS'),
(3030, 'INGRESO', '2022-12-01T19:43:27.162Z', 1, 'USUARIOS'),
(3031, 'INGRESO', '2022-12-01T19:43:39.149Z', 1, 'USUARIOS'),
(3032, 'INGRESO', '2022-12-01T19:43:50.418Z', 1, 'USUARIOS'),
(3033, 'INGRESO', '2022-12-01T19:43:57.274Z', 1, 'USUARIOS'),
(3034, 'INGRESO', '2022-12-01T19:44:09.125Z', 1, 'USUARIOS'),
(3035, 'INGRESO', '2022-12-01T19:44:22.971Z', 1, 'USUARIOS'),
(3036, 'SALIO', '2022-12-01T19:44:52.043Z', 1, 'USUARIOS'),
(3037, 'INGRESO', '2022-12-01T19:44:52.055Z', 1, 'MOVIMIENTOS'),
(3038, 'INGRESO', '2022-12-01T19:46:01.545Z', 1, 'MOVIMIENTOS'),
(3039, 'INGRESO', '2022-12-01T19:46:38.323Z', 1, 'MOVIMIENTOS'),
(3040, 'INGRESO', '2022-12-01T19:50:19.125Z', 1, 'MOVIMIENTOS'),
(3041, 'INGRESO', '2022-12-01T19:50:21.098Z', 1, 'MOVIMIENTOS'),
(3042, 'SALIO', '2022-12-01T19:50:27.045Z', 1, 'MOVIMIENTOS'),
(3043, 'INGRESO', '2022-12-01T19:50:27.115Z', 3, 'COMPRAS'),
(3044, 'SALIO', '2022-12-01T19:50:38.319Z', 1, 'COMPRAS'),
(3045, 'INGRESO', '2022-12-01T19:50:38.379Z', 1, 'VENTAS'),
(3046, 'INSERTO', '2022-12-01T19:50:49.602Z', 1, 'VENTAS'),
(3047, 'SALIO', '2022-12-01T19:50:51.933Z', 1, 'VENTAS'),
(3048, 'INGRESO', '2022-12-01T19:50:51.946Z', 1, 'CLIENTES'),
(3049, 'SALIO', '2022-12-01T19:50:52.783Z', 1, 'CLIENTES'),
(3050, 'INGRESO', '2022-12-01T19:50:52.818Z', 1, 'VENTAS'),
(3051, 'SALIO', '2022-12-01T19:50:53.707Z', 1, 'VENTAS'),
(3052, 'INGRESO', '2022-12-01T19:50:53.737Z', 3, 'COMPRAS'),
(3053, 'SALIO', '2022-12-01T19:50:55.676Z', 1, 'COMPRAS'),
(3054, 'INGRESO', '2022-12-01T19:50:55.685Z', 1, 'MOVIMIENTOS'),
(3055, 'SALIO', '2022-12-01T19:51:31.652Z', 1, 'MOVIMIENTOS'),
(3056, 'INGRESO', '2022-12-01T19:51:31.700Z', 1, 'ARTICULOS'),
(3057, 'SALIO', '2022-12-01T19:51:32.154Z', 1, 'ARTICULOS'),
(3058, 'INGRESO', '2022-12-01T19:51:32.183Z', 1, 'INVENTARIO'),
(3059, 'SALIO', '2022-12-01T19:51:32.661Z', 1, 'ARTICULOS'),
(3060, 'INGRESO', '2022-12-01T19:51:32.671Z', 1, 'MOVIMIENTOS'),
(3061, 'INGRESO', '2022-12-01T19:55:21.203Z', 1, 'MOVIMIENTOS'),
(3062, 'INGRESO', '2022-12-01T19:55:31.490Z', 1, 'MOVIMIENTOS'),
(3063, 'INGRESO', '2022-12-01T19:55:46.042Z', 1, 'MOVIMIENTOS'),
(3064, 'INGRESO', '2022-12-01T19:57:53.415Z', 1, 'MOVIMIENTOS'),
(3065, 'SALIO', '2022-12-01T20:01:57.847Z', 1, 'MOVIMIENTOS'),
(3066, 'INGRESO', '2022-12-01T20:01:57.899Z', 3, 'PROVEEDORES'),
(3067, 'INGRESO', '2022-12-01T20:03:20.436Z', 3, 'PROVEEDORES'),
(3068, 'INGRESO', '2022-12-01T20:03:22.349Z', 3, 'PROVEEDORES'),
(3069, 'DESCARGO PDF', '2022-12-01T20:04:06.287Z', 3, 'PROVEEDORES'),
(3070, 'SALIO', '2022-12-01T20:06:56.044Z', 1, 'PROVEEDORES'),
(3071, 'INGRESO', '2022-12-01T20:06:56.120Z', 1, 'PARAMETROS'),
(3072, 'INSERTO', '2022-12-01T20:07:14.670Z', 1, 'PARAMETROS'),
(3073, 'INSERTO', '2022-12-01T20:07:30.502Z', 1, 'PARAMETROS'),
(3074, 'SALIO', '2022-12-01T20:07:37.259Z', 1, 'PARAMETROS'),
(3075, 'INGRESO', '2022-12-01T20:07:37.286Z', 1, 'OBJETOS'),
(3076, 'SALIO', '2022-12-01T20:07:37.764Z', 1, 'OBJETOS'),
(3077, 'INGRESO', '2022-12-01T20:07:37.818Z', 1, 'PERMISOS'),
(3078, 'ACTUALIZO', '2022-12-01T20:07:54.467Z', 1, 'PERMISOS'),
(3079, 'SALIO', '2022-12-01T20:07:59.608Z', 1, 'PERMISOS'),
(3080, 'INGRESO', '2022-12-01T20:07:59.675Z', 1, 'USUARIOS'),
(3081, 'SALIO', '2022-12-01T20:08:00.755Z', 1, 'USUARIOS'),
(3082, 'INGRESO', '2022-12-01T20:08:00.777Z', 1, 'PARAMETROS'),
(3083, 'ACTUALIZO', '2022-12-01T20:08:15.333Z', 1, 'PARAMETROS'),
(3084, 'SALIO', '2022-12-01T20:11:19.185Z', 1, 'PARAMETROS'),
(3085, 'INGRESO', '2022-12-01T20:11:19.285Z', 1, 'VENTAS'),
(3086, 'INGRESO', '2022-12-01T20:11:21.219Z', 1, 'PARAMETROS'),
(3087, 'SALIO', '2022-12-01T20:12:31.614Z', 1, 'PARAMETROS'),
(3088, 'INGRESO', '2022-12-01T20:12:31.672Z', 1, 'VENTAS'),
(3089, 'INGRESO', '2022-12-01T20:13:40.707Z', 1, 'VENTAS'),
(3090, 'INGRESO', '2022-12-01T20:14:01.880Z', 1, 'VENTAS'),
(3091, 'INGRESO', '2022-12-01T20:14:36.490Z', 1, 'VENTAS'),
(3092, 'INGRESO', '2022-12-01T20:14:55.047Z', 1, 'VENTAS'),
(3093, 'INGRESO', '2022-12-01T20:15:12.273Z', 1, 'VENTAS'),
(3094, 'INGRESO', '2022-12-01T20:15:42.003Z', 1, 'VENTAS'),
(3095, 'INGRESO', '2022-12-01T20:20:08.844Z', 1, 'VENTAS'),
(3096, 'INGRESO', '2022-12-01T20:43:15.604Z', 1, 'VENTAS'),
(3097, 'INGRESO', '2022-12-01T20:44:23.197Z', 1, 'VENTAS'),
(3098, 'INGRESO', '2022-12-01T20:47:55.641Z', 1, 'VENTAS'),
(3099, 'INGRESO', '2022-12-01T20:48:12.057Z', 1, 'VENTAS'),
(3100, 'INGRESO', '2022-12-01T20:48:38.799Z', 1, 'VENTAS'),
(3101, 'INGRESO', '2022-12-01T20:50:41.495Z', 1, 'VENTAS'),
(3102, 'INGRESO', '2022-12-01T20:51:13.615Z', 1, 'VENTAS'),
(3103, 'SALIO', '2022-12-01T21:25:15.770Z', 1, 'VENTAS'),
(3104, 'INGRESO', '2022-12-01T21:25:15.836Z', 3, 'VENTAS'),
(3105, 'SALIO', '2022-12-01T21:25:32.876Z', 1, 'VENTAS'),
(3106, 'INGRESO', '2022-12-01T21:25:32.929Z', 1, 'VENTAS'),
(3107, 'SALIO', '2022-12-01T21:26:38.288Z', 1, 'VENTAS'),
(3108, 'INGRESO', '2022-12-01T21:26:38.295Z', 1, 'MOVIMIENTOS'),
(3109, 'SALIO', '2022-12-01T21:26:43.234Z', 1, 'MOVIMIENTOS'),
(3110, 'INGRESO', '2022-12-01T21:26:43.251Z', 1, 'VENTAS'),
(3111, 'INSERTO', '2022-12-01T21:26:53.439Z', 1, 'VENTAS'),
(3112, 'SALIO', '2022-12-01T21:27:24.287Z', 1, 'VENTAS'),
(3113, 'INGRESO', '2022-12-01T21:27:24.295Z', 1, 'MOVIMIENTOS'),
(3114, 'INGRESO', '2022-12-01T21:28:26.964Z', 1, 'MOVIMIENTOS'),
(3115, 'INGRESO', '2022-12-01T21:29:45.174Z', 1, 'MOVIMIENTOS'),
(3116, 'INGRESO', '2022-12-01T21:30:40.061Z', 1, 'MOVIMIENTOS'),
(3117, 'SALIO', '2022-12-01T21:36:06.607Z', 1, 'MOVIMIENTOS'),
(3118, 'INGRESO', '2022-12-01T21:36:06.685Z', 1, 'ARTICULOS'),
(3119, 'SALIO', '2022-12-01T21:39:03.729Z', 1, 'ARTICULOS'),
(3120, 'INGRESO', '2022-12-01T21:39:03.794Z', 3, 'COMPRAS'),
(3121, 'SALIO', '2022-12-01T21:39:55.933Z', 1, 'COMPRAS'),
(3122, 'INGRESO', '2022-12-01T21:39:55.947Z', 1, 'ARTICULOS'),
(3123, 'SALIO', '2022-12-01T21:40:06.747Z', 1, 'ARTICULOS'),
(3124, 'INGRESO', '2022-12-01T21:40:06.786Z', 3, 'COMPRAS'),
(3125, 'SALIO', '2022-12-01T21:40:08.765Z', 1, 'COMPRAS'),
(3126, 'INGRESO', '2022-12-01T21:40:08.778Z', 1, 'ARTICULOS'),
(3127, 'SALIO', '2022-12-01T21:40:11.889Z', 1, 'ARTICULOS'),
(3128, 'INGRESO', '2022-12-01T21:40:11.924Z', 3, 'COMPRAS'),
(3129, 'SALIO', '2022-12-01T21:40:24.438Z', 1, 'COMPRAS'),
(3130, 'INGRESO', '2022-12-01T21:40:24.457Z', 1, 'INVENTARIO'),
(3131, 'SALIO', '2022-12-01T21:40:25.507Z', 1, 'ARTICULOS'),
(3132, 'INGRESO', '2022-12-01T21:40:25.535Z', 1, 'ARTICULOS'),
(3133, 'SALIO', '2022-12-01T21:41:50.225Z', 1, 'ARTICULOS'),
(3134, 'INGRESO', '2022-12-01T21:41:50.287Z', 1, 'VENTAS'),
(3135, 'SALIO', '2022-12-01T21:41:52.621Z', 1, 'VENTAS'),
(3136, 'INGRESO', '2022-12-01T21:41:52.641Z', 3, 'VENTAS'),
(3137, 'SALIO', '2022-12-01T21:42:04.449Z', 1, 'VENTAS'),
(3138, 'INGRESO', '2022-12-01T21:42:04.473Z', 3, 'COMPRAS'),
(3139, 'SALIO', '2022-12-01T21:42:05.693Z', 1, 'COMPRAS'),
(3140, 'INGRESO', '2022-12-01T21:42:05.727Z', 3, 'PROVEEDORES'),
(3141, 'SALIO', '2022-12-01T21:42:06.754Z', 1, 'PROVEEDORES'),
(3142, 'INGRESO', '2022-12-01T21:42:06.782Z', 3, 'COMPRAS'),
(3143, 'SALIO', '2022-12-01T21:42:07.669Z', 1, 'COMPRAS'),
(3144, 'INGRESO', '2022-12-01T21:42:07.707Z', 3, 'PROVEEDORES'),
(3145, 'SALIO', '2022-12-01T21:42:08.587Z', 1, 'PROVEEDORES'),
(3146, 'INGRESO', '2022-12-01T21:42:08.642Z', 3, 'COMPRAS'),
(3147, 'SALIO', '2022-12-01T21:42:09.100Z', 1, 'COMPRAS'),
(3148, 'INGRESO', '2022-12-01T21:42:09.148Z', 3, 'PROVEEDORES'),
(3149, 'SALIO', '2022-12-01T21:42:09.557Z', 1, 'PROVEEDORES'),
(3150, 'INGRESO', '2022-12-01T21:42:09.622Z', 3, 'COMPRAS'),
(3151, 'SALIO', '2022-12-01T21:42:38.961Z', 1, 'COMPRAS'),
(3152, 'INGRESO', '2022-12-01T21:42:38.986Z', 1, 'ARTICULOS'),
(3153, 'INGRESO', '2022-12-01T21:44:07.660Z', 1, 'ARTICULOS'),
(3154, 'INSERTO', '2022-12-01T21:45:15.629Z', 1, 'ARTICULOS'),
(3155, 'ACTUALIZO', '2022-12-01T21:45:28.549Z', 1, 'ARTICULOS'),
(3156, 'SALIO', '2022-12-01T21:45:39.998Z', 1, 'ARTICULOS'),
(3157, 'INGRESO', '2022-12-01T21:45:40.084Z', 1, 'VENTAS'),
(3158, 'SALIO', '2022-12-01T21:45:50.043Z', 1, 'VENTAS'),
(3159, 'INGRESO', '2022-12-01T21:45:50.117Z', 3, 'COMPRAS'),
(3160, 'INGRESO', '2022-12-01T21:46:30.388Z', 3, 'COMPRAS'),
(3161, 'INGRESO', '2022-12-01T21:46:51.469Z', 3, 'COMPRAS'),
(3162, 'INGRESO', '2022-12-01T21:47:30.922Z', 3, 'COMPRAS'),
(3163, 'INGRESO', '2022-12-01T21:47:52.887Z', 3, 'COMPRAS'),
(3164, 'INSERTO', '2022-12-01T21:49:32.034Z', 1, 'COMPRAS'),
(3165, 'SALIO', '2022-12-01T21:49:34.418Z', 1, 'COMPRAS'),
(3166, 'INGRESO', '2022-12-01T21:49:34.433Z', 3, 'VENTAS'),
(3167, 'INGRESO', '2022-12-01T21:51:21.055Z', 3, 'VENTAS'),
(3168, 'INGRESO', '2022-12-01T21:53:18.001Z', 3, 'VENTAS'),
(3169, 'SALIO', '2022-12-01T21:53:26.954Z', 1, 'VENTAS'),
(3170, 'INGRESO', '2022-12-01T21:53:27.018Z', 3, 'COMPRAS'),
(3171, 'INSERTO', '2022-12-01T21:53:49.495Z', 1, 'COMPRAS'),
(3172, 'SALIO', '2022-12-01T21:54:08.483Z', 1, 'COMPRAS'),
(3173, 'INGRESO', '2022-12-01T21:54:08.531Z', 3, 'VENTAS'),
(3174, 'SALIO', '2022-12-01T21:54:12.600Z', 1, 'VENTAS'),
(3175, 'INGRESO', '2022-12-01T21:54:12.710Z', 3, 'COMPRAS'),
(3176, 'SALIO', '2022-12-01T21:54:15.568Z', 1, 'COMPRAS'),
(3177, 'INGRESO', '2022-12-01T21:54:15.609Z', 3, 'VENTAS'),
(3178, 'SALIO', '2022-12-01T21:54:18.644Z', 1, 'VENTAS'),
(3179, 'INGRESO', '2022-12-01T21:54:18.670Z', 3, 'COMPRAS'),
(3180, 'INSERTO', '2022-12-01T21:54:39.631Z', 1, 'COMPRAS'),
(3181, 'SALIO', '2022-12-01T21:54:45.242Z', 1, 'COMPRAS'),
(3182, 'INGRESO', '2022-12-01T21:54:45.269Z', 3, 'VENTAS'),
(3183, 'SALIO', '2022-12-01T21:54:50.022Z', 1, 'VENTAS'),
(3184, 'INGRESO', '2022-12-01T21:54:50.047Z', 3, 'COMPRAS'),
(3185, 'INGRESO', '2022-12-01T21:56:07.769Z', 3, 'COMPRAS'),
(3186, 'INGRESO', '2022-12-01T21:56:48.733Z', 3, 'COMPRAS'),
(3187, 'INGRESO', '2022-12-01T21:58:26.586Z', 3, 'COMPRAS'),
(3188, 'INGRESO', '2022-12-01T23:30:27.015Z', 3, 'COMPRAS'),
(3189, 'INGRESO', '2022-12-01T23:31:02.500Z', 3, 'COMPRAS'),
(3190, 'SALIO', '2022-12-01T23:33:01.049Z', 1, 'COMPRAS'),
(3191, 'INGRESO', '2022-12-01T23:33:01.111Z', 3, 'PROVEEDORES'),
(3192, 'SALIO', '2022-12-01T23:40:10.916Z', 1, 'PROVEEDORES'),
(3193, 'INGRESO', '2022-12-02T00:01:28.277Z', 1, 'USUARIOS'),
(3194, 'INGRESO', '2022-12-02T00:02:34.418Z', 1, 'USUARIOS'),
(3195, 'SALIO', '2022-12-02T00:04:40.686Z', 1, 'USUARIOS'),
(3196, 'INGRESO', '2022-12-02T00:04:40.757Z', 1, 'ROLES'),
(3197, 'SALIO', '2022-12-02T00:04:47.293Z', 1, 'ROLES'),
(3198, 'INGRESO', '2022-12-02T00:04:47.356Z', 1, 'OBJETOS'),
(3199, 'INGRESO', '2022-12-02T00:10:07.689Z', 1, 'OBJETOS'),
(3200, 'SALIO', '2022-12-02T00:10:49.978Z', 1, 'OBJETOS'),
(3201, 'INGRESO', '2022-12-02T00:10:50.075Z', 3, 'PROVEEDORES'),
(3202, 'DESCARGO PDF', '2022-12-02T00:11:07.486Z', 3, 'PROVEEDORES'),
(3203, 'SALIO', '2022-12-02T00:12:05.304Z', 1, 'PROVEEDORES'),
(3204, 'INGRESO', '2022-12-02T00:12:05.334Z', 1, 'BITACORA'),
(3205, 'DESCARGO PDF', '2022-12-02T00:12:39.297Z', 1, 'BITACORA'),
(3206, 'SALIO', '2022-12-02T00:12:54.441Z', 1, 'BITACORA'),
(3207, 'INGRESO', '2022-12-02T00:12:54.460Z', 3, 'PROVEEDORES'),
(3208, 'INSERTO', '2022-12-02T00:13:22.109Z', 1, 'PROVEEDORES'),
(3209, 'SALIO', '2022-12-02T00:14:36.215Z', 1, 'PROVEEDORES'),
(3210, 'INGRESO', '2022-12-02T00:14:36.263Z', 1, 'USUARIOS'),
(3211, 'SALIO', '2022-12-02T00:14:39.218Z', 1, 'USUARIOS'),
(3212, 'INGRESO', '2022-12-02T00:14:39.251Z', 1, 'ROLES'),
(3213, 'SALIO', '2022-12-02T00:14:46.142Z', 1, 'ROLES'),
(3214, 'INGRESO', '2022-12-02T00:14:46.177Z', 1, 'BITACORA'),
(3215, 'DESCARGO PDF', '2022-12-02T00:15:21.814Z', 1, 'BITACORA'),
(3216, 'SALIO', '2022-12-02T00:15:38.516Z', 1, 'BITACORA'),
(3217, 'INGRESO', '2022-12-02T00:20:11.218Z', 1, 'PERSONAS'),
(3218, 'SALIO', '2022-12-02T00:20:13.218Z', 1, 'PERSONAS'),
(3219, 'INGRESO', '2022-12-02T00:20:13.266Z', 1, 'BITACORA'),
(3220, 'SALIO', '2022-12-02T00:20:13.929Z', 1, 'BITACORA'),
(3221, 'INGRESO', '2022-12-02T00:20:32.094Z', 1, 'ROLES'),
(3222, 'SALIO', '2022-12-02T00:20:32.910Z', 1, 'ROLES'),
(3223, 'INGRESO', '2022-12-02T00:20:32.963Z', 1, 'BITACORA'),
(3224, 'SALIO', '2022-12-02T00:20:35.062Z', 1, 'BITACORA'),
(3225, 'INGRESO', '2022-12-02T00:21:39.156Z', 1, 'PERMISOS'),
(3226, 'SALIO', '2022-12-02T00:21:40.431Z', 1, 'PERMISOS'),
(3227, 'INGRESO', '2022-12-02T00:22:12.154Z', 1, 'PARAMETROS'),
(3228, 'SALIO', '2022-12-02T00:22:12.602Z', 1, 'PARAMETROS'),
(3229, 'INGRESO', '2022-12-02T00:33:39.928Z', 1, 'PARAMETROS'),
(3230, 'SALIO', '2022-12-02T00:33:40.822Z', 1, 'PARAMETROS'),
(3231, 'INGRESO', '2022-12-02T00:35:17.996Z', 1, 'BITACORA'),
(3232, 'SALIO', '2022-12-02T00:35:18.627Z', 1, 'BITACORA'),
(3233, 'INGRESO', '2022-12-02T00:35:18.717Z', 3, 'PREGUNTAS'),
(3234, 'SALIO', '2022-12-02T00:35:19.263Z', 1, 'PREGUNTAS'),
(3235, 'INGRESO', '2022-12-02T00:35:19.294Z', 1, 'PERMISOS'),
(3236, 'SALIO', '2022-12-02T00:35:20.078Z', 1, 'PERMISOS'),
(3237, 'INGRESO', '2022-12-02T00:35:20.100Z', 3, 'PREGUNTAS'),
(3238, 'SALIO', '2022-12-02T00:35:20.993Z', 1, 'PREGUNTAS'),
(3239, 'INGRESO', '2022-12-02T00:35:21.020Z', 1, 'OBJETOS'),
(3240, 'SALIO', '2022-12-02T00:35:21.524Z', 1, 'OBJETOS'),
(3241, 'INGRESO', '2022-12-02T00:35:21.555Z', 1, 'PERMISOS'),
(3242, 'SALIO', '2022-12-02T00:35:22.287Z', 1, 'PERMISOS'),
(3243, 'INGRESO', '2022-12-02T00:35:22.325Z', 3, 'PREGUNTAS'),
(3244, 'INGRESO', '2022-12-02T04:15:54.053Z', 3, 'PREGUNTAS'),
(3245, 'INGRESO', '2022-12-02T12:03:12.608Z', 3, 'PREGUNTAS'),
(3246, 'INGRESO', '2022-12-02T12:17:41.413Z', 3, 'PREGUNTAS'),
(3247, 'SALIO', '2022-12-02T12:17:45.769Z', 1, 'PREGUNTAS'),
(3248, 'INGRESO', '2022-12-02T12:17:45.834Z', 3, 'COMPRAS'),
(3249, 'INGRESO', '2022-12-02T12:18:06.014Z', 3, 'COMPRAS'),
(3250, 'INGRESO', '2022-12-02T12:19:19.389Z', 3, 'COMPRAS'),
(3251, 'INGRESO', '2022-12-02T13:24:14.707Z', 3, 'COMPRAS'),
(3252, 'INGRESO', '2022-12-02T17:12:32.694Z', 3, 'COMPRAS'),
(3253, 'SALIO', '2022-12-02T17:18:07.712Z', 1, 'COMPRAS'),
(3254, 'INGRESO', '2022-12-02T17:18:07.744Z', 1, 'USUARIOS'),
(3255, 'INGRESO', '2022-12-02T17:20:24.467Z', 1, 'USUARIOS'),
(3256, 'INGRESO', '2022-12-02T17:20:58.722Z', 1, 'USUARIOS'),
(3257, 'INGRESO', '2022-12-02T17:21:24.588Z', 1, 'USUARIOS'),
(3258, 'INGRESO', '2022-12-02T17:21:56.500Z', 1, 'USUARIOS'),
(3259, 'INGRESO', '2022-12-02T17:22:02.989Z', 1, 'USUARIOS'),
(3260, 'INGRESO', '2022-12-02T17:22:22.903Z', 1, 'USUARIOS'),
(3261, 'INGRESO', '2022-12-02T17:23:14.336Z', 1, 'USUARIOS'),
(3262, 'INGRESO', '2022-12-02T17:23:34.377Z', 1, 'USUARIOS'),
(3263, 'INGRESO', '2022-12-02T17:23:58.640Z', 1, 'USUARIOS'),
(3264, 'INGRESO', '2022-12-02T17:24:13.061Z', 1, 'USUARIOS'),
(3265, 'INGRESO', '2022-12-02T17:25:02.793Z', 1, 'USUARIOS'),
(3266, 'INGRESO', '2022-12-02T17:28:38.357Z', 1, 'USUARIOS'),
(3267, 'INGRESO', '2022-12-02T17:29:50.152Z', 1, 'USUARIOS'),
(3268, 'INGRESO', '2022-12-02T17:30:39.918Z', 1, 'USUARIOS'),
(3269, 'INGRESO', '2022-12-02T17:30:46.979Z', 1, 'USUARIOS'),
(3270, 'INGRESO', '2022-12-02T17:31:44.877Z', 1, 'USUARIOS'),
(3271, 'INGRESO', '2022-12-02T17:32:17.423Z', 1, 'USUARIOS'),
(3272, 'INGRESO', '2022-12-02T17:33:07.933Z', 1, 'USUARIOS'),
(3273, 'INGRESO', '2022-12-02T17:33:47.286Z', 1, 'USUARIOS'),
(3274, 'INGRESO', '2022-12-02T17:35:00.836Z', 1, 'USUARIOS'),
(3275, 'INGRESO', '2022-12-02T17:38:43.119Z', 1, 'USUARIOS'),
(3276, 'INGRESO', '2022-12-02T17:39:12.725Z', 1, 'USUARIOS'),
(3277, 'INGRESO', '2022-12-02T17:40:52.035Z', 1, 'USUARIOS'),
(3278, 'INGRESO', '2022-12-02T17:41:57.647Z', 1, 'USUARIOS'),
(3279, 'INGRESO', '2022-12-02T17:43:44.721Z', 1, 'USUARIOS'),
(3280, 'INGRESO', '2022-12-02T17:44:02.558Z', 1, 'USUARIOS'),
(3281, 'INGRESO', '2022-12-02T17:44:17.246Z', 1, 'USUARIOS'),
(3282, 'INGRESO', '2022-12-02T17:45:18.562Z', 1, 'USUARIOS'),
(3283, 'INGRESO', '2022-12-02T17:45:32.285Z', 1, 'USUARIOS'),
(3284, 'INGRESO', '2022-12-02T17:46:03.481Z', 1, 'USUARIOS'),
(3285, 'INGRESO', '2022-12-02T17:46:30.772Z', 1, 'USUARIOS'),
(3286, 'INGRESO', '2022-12-02T17:46:36.691Z', 1, 'USUARIOS'),
(3287, 'INGRESO', '2022-12-02T17:46:54.363Z', 1, 'USUARIOS'),
(3288, 'INGRESO', '2022-12-02T17:49:10.971Z', 1, 'USUARIOS'),
(3289, 'INGRESO', '2022-12-02T17:51:37.173Z', 1, 'USUARIOS'),
(3290, 'INGRESO', '2022-12-02T17:52:10.902Z', 1, 'USUARIOS'),
(3291, 'INGRESO', '2022-12-02T17:52:38.180Z', 1, 'USUARIOS'),
(3292, 'INGRESO', '2022-12-02T17:54:06.141Z', 1, 'USUARIOS'),
(3293, 'INGRESO', '2022-12-02T17:54:33.556Z', 1, 'USUARIOS'),
(3294, 'SALIO', '2022-12-02T17:54:53.996Z', 1, 'USUARIOS'),
(3295, 'INGRESO', '2022-12-02T17:54:54.046Z', 1, 'CATEGORIAS'),
(3296, 'SALIO', '2022-12-02T17:55:05.076Z', 1, 'CATEGORIAS'),
(3297, 'INGRESO', '2022-12-02T17:55:05.100Z', 1, 'USUARIOS'),
(3298, 'INGRESO', '2022-12-02T17:56:03.821Z', 1, 'USUARIOS'),
(3299, 'INGRESO', '2022-12-02T17:56:34.112Z', 1, 'USUARIOS'),
(3300, 'INGRESO', '2022-12-02T17:57:11.700Z', 1, 'USUARIOS'),
(3301, 'INGRESO', '2022-12-02T17:57:52.434Z', 1, 'USUARIOS'),
(3302, 'INGRESO', '2022-12-02T17:59:27.937Z', 1, 'USUARIOS'),
(3303, 'INSERTO', '2022-12-02T18:00:02.678Z', 1, 'USUARIOS'),
(3304, 'INGRESO', '2022-12-02T18:04:05.602Z', 1, 'USUARIOS'),
(3305, 'INGRESO', '2022-12-02T18:04:24.967Z', 1, 'USUARIOS'),
(3306, 'INGRESO', '2022-12-02T18:05:00.877Z', 1, 'USUARIOS'),
(3307, 'INGRESO', '2022-12-02T18:05:57.376Z', 1, 'USUARIOS'),
(3308, 'INGRESO', '2022-12-02T18:07:17.706Z', 1, 'USUARIOS'),
(3309, 'INGRESO', '2022-12-02T18:10:42.296Z', 1, 'USUARIOS'),
(3310, 'INGRESO', '2022-12-02T18:12:52.751Z', 1, 'USUARIOS'),
(3311, 'SALIO', '2022-12-02T18:13:02.524Z', 1, 'USUARIOS'),
(3312, 'INGRESO', '2022-12-02T18:13:02.584Z', 1, 'PARAMETROS'),
(3313, 'SALIO', '2022-12-02T18:13:14.586Z', 1, 'PARAMETROS'),
(3314, 'INGRESO', '2022-12-02T18:13:14.606Z', 1, 'BITACORA'),
(3315, 'SALIO', '2022-12-02T18:13:21.811Z', 1, 'BITACORA'),
(3316, 'INGRESO', '2022-12-02T18:13:21.842Z', 3, 'PREGUNTAS'),
(3317, 'SALIO', '2022-12-02T18:13:27.518Z', 1, 'PREGUNTAS'),
(3318, 'INGRESO', '2022-12-02T18:13:27.568Z', 1, 'PERMISOS'),
(3319, 'SALIO', '2022-12-02T18:13:38.920Z', 1, 'PERMISOS'),
(3320, 'INGRESO', '2022-12-02T18:13:38.940Z', 1, 'BITACORA'),
(3321, 'SALIO', '2022-12-02T18:13:39.979Z', 1, 'BITACORA'),
(3322, 'INGRESO', '2022-12-02T18:13:40.016Z', 3, 'PREGUNTAS'),
(3323, 'SALIO', '2022-12-02T18:13:40.954Z', 1, 'PREGUNTAS'),
(3324, 'INGRESO', '2022-12-02T18:13:41.015Z', 1, 'PERMISOS'),
(3325, 'SALIO', '2022-12-02T18:14:20.044Z', 1, 'PERMISOS'),
(3326, 'INGRESO', '2022-12-02T18:14:20.099Z', 1, 'PERSONAS'),
(3327, 'INGRESO', '2022-12-02T18:14:21.537Z', 1, 'PERMISOS'),
(3328, 'SALIO', '2022-12-02T18:14:23.548Z', 1, 'PERMISOS'),
(3329, 'INGRESO', '2022-12-02T18:14:23.617Z', 1, 'PERSONAS'),
(3330, 'INGRESO', '2022-12-02T18:15:23.261Z', 1, 'PERSONAS'),
(3331, 'INGRESO', '2022-12-02T18:15:34.813Z', 1, 'PERSONAS'),
(3332, 'SALIO', '2022-12-02T18:16:27.458Z', 1, 'PERSONAS'),
(3333, 'INGRESO', '2022-12-02T18:16:27.472Z', 1, 'CATEGORIAS'),
(3334, 'SALIO', '2022-12-02T18:16:42.680Z', 1, 'CATEGORIAS'),
(3335, 'INGRESO', '2022-12-02T18:16:42.705Z', 1, 'ARTICULOS'),
(3336, 'SALIO', '2022-12-02T18:16:53.402Z', 1, 'ARTICULOS'),
(3337, 'INGRESO', '2022-12-02T18:16:53.427Z', 1, 'INVENTARIO'),
(3338, 'SALIO', '2022-12-02T18:17:03.863Z', 1, 'ARTICULOS'),
(3339, 'INGRESO', '2022-12-02T18:17:03.873Z', 1, 'MOVIMIENTOS'),
(3340, 'INGRESO', '2022-12-02T19:07:22.906Z', 1, 'MOVIMIENTOS'),
(3341, 'SALIO', '2022-12-02T19:09:32.224Z', 1, 'MOVIMIENTOS'),
(3342, 'INGRESO', '2022-12-02T19:09:32.309Z', 1, 'PERSONAS'),
(3343, 'SALIO', '2022-12-02T19:09:33.681Z', 1, 'PERSONAS'),
(3344, 'INGRESO', '2022-12-02T19:09:33.698Z', 1, 'CATEGORIAS'),
(3345, 'SALIO', '2022-12-02T19:09:36.193Z', 1, 'CATEGORIAS'),
(3346, 'INGRESO', '2022-12-02T19:09:36.259Z', 1, 'CLIENTES'),
(3347, 'SALIO', '2022-12-02T19:10:18.756Z', 1, 'CLIENTES'),
(3348, 'INGRESO', '2022-12-02T19:10:18.894Z', 1, 'VENTAS'),
(3349, 'INGRESO', '2022-12-02T19:10:32.072Z', 1, 'VENTAS'),
(3350, 'SALIO', '2022-12-02T19:11:01.641Z', 1, 'VENTAS'),
(3351, 'INGRESO', '2022-12-02T19:11:01.732Z', 1, 'CLIENTES'),
(3352, 'SALIO', '2022-12-02T19:11:02.194Z', 1, 'CLIENTES'),
(3353, 'INGRESO', '2022-12-02T19:11:02.252Z', 1, 'VENTAS'),
(3354, 'SALIO', '2022-12-02T19:11:03.486Z', 1, 'VENTAS'),
(3355, 'INGRESO', '2022-12-02T19:11:03.538Z', 1, 'TIPO CLIENTES'),
(3356, 'SALIO', '2022-12-02T19:11:13.272Z', 1, 'TIPO CLIENTES'),
(3357, 'INGRESO', '2022-12-02T19:11:13.325Z', 1, 'PARAMETROS'),
(3358, 'SALIO', '2022-12-02T19:12:33.540Z', 1, 'PARAMETROS'),
(3359, 'INGRESO', '2022-12-02T19:12:33.566Z', 1, 'VENTAS'),
(3360, 'SALIO', '2022-12-02T19:12:59.000Z', 1, 'VENTAS'),
(3361, 'INGRESO', '2022-12-02T19:12:59.092Z', 1, 'BITACORA'),
(3362, 'SALIO', '2022-12-02T19:12:59.581Z', 1, 'BITACORA'),
(3363, 'INGRESO', '2022-12-02T19:12:59.677Z', 1, 'PARAMETROS'),
(3364, 'ACTUALIZO', '2022-12-02T19:13:50.161Z', 1, 'PARAMETROS'),
(3365, 'SALIO', '2022-12-02T19:14:01.317Z', 1, 'PARAMETROS'),
(3366, 'INGRESO', '2022-12-02T19:14:01.423Z', 3, 'COMPRAS'),
(3367, 'DESCARGO PDF', '2022-12-02T19:14:02.632Z', 3, 'COMPRAS'),
(3368, 'SALIO', '2022-12-02T19:14:27.633Z', 1, 'COMPRAS'),
(3369, 'INGRESO', '2022-12-02T19:14:27.660Z', 3, 'VENTAS'),
(3370, 'SALIO', '2022-12-02T19:14:30.394Z', 1, 'VENTAS'),
(3371, 'INGRESO', '2022-12-02T19:14:30.418Z', 3, 'COMPRAS'),
(3372, 'SALIO', '2022-12-02T19:14:37.490Z', 1, 'COMPRAS'),
(3373, 'INGRESO', '2022-12-02T19:14:37.510Z', 3, 'VENTAS'),
(3374, 'INGRESO', '2022-12-02T19:15:28.877Z', 3, 'VENTAS'),
(3375, 'INGRESO', '2022-12-02T19:16:27.736Z', 3, 'VENTAS'),
(3376, 'INGRESO', '2022-12-02T19:17:27.417Z', 3, 'VENTAS'),
(3377, 'DESCARGO PDF', '2022-12-02T19:17:29.553Z', 3, 'COMPRAS'),
(3378, 'INGRESO', '2022-12-02T19:18:13.930Z', 3, 'VENTAS'),
(3379, 'DESCARGO PDF', '2022-12-02T19:18:22.564Z', 3, 'COMPRAS'),
(3380, 'INGRESO', '2022-12-02T19:20:30.108Z', 3, 'VENTAS'),
(3381, 'SALIO', '2022-12-02T19:20:36.266Z', 1, 'VENTAS'),
(3382, 'INGRESO', '2022-12-02T19:20:36.331Z', 1, 'VENTAS'),
(3383, 'SALIO', '2022-12-02T19:20:38.186Z', 1, 'VENTAS'),
(3384, 'INGRESO', '2022-12-02T19:20:38.291Z', 3, 'VENTAS'),
(3385, 'INGRESO', '2022-12-02T19:21:12.853Z', 3, 'VENTAS'),
(3386, 'INGRESO', '2022-12-02T19:22:07.677Z', 3, 'VENTAS'),
(3387, 'INGRESO', '2022-12-02T19:24:04.125Z', 3, 'COMPRAS'),
(3388, 'SALIO', '2022-12-02T19:24:34.556Z', 1, 'COMPRAS'),
(3389, 'INGRESO', '2022-12-02T19:24:34.604Z', 3, 'VENTAS'),
(3390, 'SALIO', '2022-12-02T19:24:41.738Z', 1, 'VENTAS'),
(3391, 'INGRESO', '2022-12-02T19:24:41.823Z', 3, 'COMPRAS'),
(3392, 'INGRESO', '2022-12-02T19:25:42.413Z', 3, 'COMPRAS'),
(3393, 'SALIO', '2022-12-02T19:26:38.063Z', 1, 'COMPRAS'),
(3394, 'INGRESO', '2022-12-02T19:26:38.094Z', 3, 'VENTAS'),
(3395, 'DESCARGO PDF', '2022-12-02T19:26:39.546Z', 3, 'COMPRAS'),
(3396, 'SALIO', '2022-12-02T19:26:53.670Z', 1, 'VENTAS'),
(3397, 'INGRESO', '2022-12-02T19:26:53.767Z', 1, 'USUARIOS'),
(3398, 'SALIO', '2022-12-02T19:26:54.645Z', 1, 'USUARIOS'),
(3399, 'INGRESO', '2022-12-02T19:28:21.914Z', 3, 'COMPRAS'),
(3400, 'SALIO', '2022-12-02T19:28:24.734Z', 1, 'COMPRAS'),
(3401, 'INGRESO', '2022-12-02T19:28:24.790Z', 3, 'VENTAS'),
(3402, 'DESCARGO PDF', '2022-12-02T19:28:25.675Z', 3, 'COMPRAS'),
(3403, 'SALIO', '2022-12-02T19:28:33.059Z', 1, 'VENTAS'),
(3404, 'INGRESO', '2022-12-02T19:28:33.107Z', 1, 'VENTAS'),
(3405, 'SALIO', '2022-12-02T19:28:34.378Z', 1, 'VENTAS'),
(3406, 'INGRESO', '2022-12-02T19:28:34.398Z', 3, 'VENTAS'),
(3407, 'INGRESO', '2022-12-02T19:33:18.714Z', 3, 'VENTAS'),
(3408, 'SALIO', '2022-12-02T19:33:33.363Z', 1, 'VENTAS'),
(3409, 'INGRESO', '2022-12-02T19:33:33.424Z', 1, 'VENTAS'),
(3410, 'INGRESO', '2022-12-02T19:34:00.829Z', 1, 'VENTAS'),
(3411, 'INGRESO', '2022-12-02T19:35:03.698Z', 1, 'VENTAS'),
(3412, 'INGRESO', '2022-12-02T19:36:39.759Z', 1, 'VENTAS'),
(3413, 'INGRESO', '2022-12-02T19:37:25.273Z', 1, 'VENTAS'),
(3414, 'INGRESO', '2022-12-02T19:39:34.866Z', 1, 'VENTAS'),
(3415, 'INGRESO', '2022-12-02T19:40:56.017Z', 1, 'VENTAS'),
(3416, 'INGRESO', '2022-12-02T19:41:37.760Z', 1, 'VENTAS'),
(3417, 'INGRESO', '2022-12-02T19:45:51.246Z', 1, 'VENTAS'),
(3418, 'INGRESO', '2022-12-02T19:46:55.496Z', 1, 'VENTAS'),
(3419, 'INSERTO', '2022-12-02T19:47:05.480Z', 1, 'VENTAS'),
(3420, 'INGRESO', '2022-12-02T19:48:20.455Z', 1, 'VENTAS'),
(3421, 'INGRESO', '2022-12-02T19:48:44.285Z', 1, 'VENTAS'),
(3422, 'INGRESO', '2022-12-02T19:50:49.182Z', 1, 'VENTAS'),
(3423, 'SALIO', '2022-12-02T19:50:53.170Z', 1, 'VENTAS'),
(3424, 'INGRESO', '2022-12-02T19:50:53.259Z', 3, 'PROVEEDORES'),
(3425, 'SALIO', '2022-12-02T19:50:54.108Z', 1, 'PROVEEDORES'),
(3426, 'INGRESO', '2022-12-02T19:50:54.173Z', 3, 'COMPRAS'),
(3427, 'INGRESO', '2022-12-02T19:53:47.658Z', 3, 'COMPRAS'),
(3428, 'SALIO', '2022-12-02T19:56:09.654Z', 1, 'COMPRAS'),
(3429, 'INGRESO', '2022-12-02T19:56:09.719Z', 3, 'VENTAS'),
(3430, 'DESCARGO PDF', '2022-12-02T19:56:11.994Z', 3, 'COMPRAS'),
(3431, 'SALIO', '2022-12-02T19:58:21.567Z', 1, 'VENTAS'),
(3432, 'INGRESO', '2022-12-02T19:58:21.637Z', 3, 'COMPRAS'),
(3433, 'INGRESO', '2022-12-02T20:00:30.993Z', 3, 'COMPRAS'),
(3434, 'INGRESO', '2022-12-02T20:00:35.323Z', 3, 'COMPRAS'),
(3435, 'SALIO', '2022-12-02T20:01:01.258Z', 1, 'COMPRAS'),
(3436, 'INGRESO', '2022-12-02T20:01:01.386Z', 1, 'VENTAS'),
(3437, 'SALIO', '2022-12-02T20:01:11.338Z', 1, 'VENTAS'),
(3438, 'INGRESO', '2022-12-02T20:01:11.413Z', 3, 'COMPRAS'),
(3439, 'INGRESO', '2022-12-02T20:01:37.221Z', 3, 'COMPRAS'),
(3440, 'INGRESO', '2022-12-02T20:03:59.787Z', 3, 'COMPRAS'),
(3441, 'INGRESO', '2022-12-02T20:04:36.053Z', 3, 'COMPRAS'),
(3442, 'INGRESO', '2022-12-02T20:05:16.395Z', 3, 'COMPRAS'),
(3443, 'INGRESO', '2022-12-02T20:05:55.549Z', 3, 'COMPRAS'),
(3444, 'INGRESO', '2022-12-02T20:07:08.360Z', 3, 'COMPRAS'),
(3445, 'INGRESO', '2022-12-02T20:08:07.562Z', 3, 'COMPRAS'),
(3446, 'INGRESO', '2022-12-02T20:08:53.591Z', 3, 'COMPRAS'),
(3447, 'INGRESO', '2022-12-02T20:09:00.855Z', 3, 'COMPRAS'),
(3448, 'SALIO', '2022-12-02T20:10:52.208Z', 1, 'COMPRAS'),
(3449, 'INGRESO', '2022-12-02T20:10:52.268Z', 1, 'VENTAS'),
(3450, 'INGRESO', '2022-12-02T20:11:43.864Z', 1, 'VENTAS'),
(3451, 'INGRESO', '2022-12-02T20:12:05.369Z', 1, 'VENTAS'),
(3452, 'SALIO', '2022-12-02T20:12:42.123Z', 1, 'VENTAS'),
(3453, 'INGRESO', '2022-12-02T20:12:42.139Z', 3, 'VENTAS'),
(3454, 'SALIO', '2022-12-02T20:12:47.324Z', 1, 'VENTAS'),
(3455, 'INGRESO', '2022-12-02T20:12:47.360Z', 1, 'VENTAS'),
(3456, 'SALIO', '2022-12-02T20:13:23.616Z', 1, 'VENTAS'),
(3457, 'INGRESO', '2022-12-02T20:13:23.704Z', 1, 'PARAMETROS'),
(3458, 'ACTUALIZO', '2022-12-02T20:13:34.354Z', 1, 'PARAMETROS'),
(3459, 'SALIO', '2022-12-02T20:13:38.732Z', 1, 'PARAMETROS'),
(3460, 'INGRESO', '2022-12-02T20:13:38.780Z', 1, 'VENTAS'),
(3461, 'INGRESO', '2022-12-02T20:14:09.397Z', 1, 'VENTAS'),
(3462, 'SALIO', '2022-12-02T20:15:05.198Z', 1, 'VENTAS'),
(3463, 'INGRESO', '2022-12-02T20:15:05.256Z', 3, 'COMPRAS'),
(3464, 'INSERTO', '2022-12-02T20:15:41.176Z', 1, 'COMPRAS'),
(3465, 'INGRESO', '2022-12-02T20:16:41.984Z', 3, 'COMPRAS'),
(3466, 'INSERTO', '2022-12-02T20:16:59.663Z', 1, 'COMPRAS'),
(3467, 'INGRESO', '2022-12-02T20:17:42.938Z', 3, 'COMPRAS'),
(3468, 'INSERTO', '2022-12-02T20:18:04.819Z', 1, 'COMPRAS'),
(3469, 'SALIO', '2022-12-02T20:18:10.285Z', 1, 'COMPRAS'),
(3470, 'INGRESO', '2022-12-02T20:18:10.373Z', 1, 'VENTAS'),
(3471, 'INSERTO', '2022-12-02T20:18:18.477Z', 1, 'VENTAS'),
(3472, 'SALIO', '2022-12-02T20:18:30.767Z', 1, 'VENTAS'),
(3473, 'INGRESO', '2022-12-02T20:18:30.785Z', 1, 'PARAMETROS'),
(3474, 'SALIO', '2022-12-02T20:18:42.284Z', 1, 'PARAMETROS'),
(3475, 'INGRESO', '2022-12-02T20:18:42.353Z', 1, 'VENTAS'),
(3476, 'INGRESO', '2022-12-02T20:22:01.160Z', 1, 'VENTAS'),
(3477, 'INGRESO', '2022-12-02T20:23:42.425Z', 1, 'VENTAS'),
(3478, 'INGRESO', '2022-12-02T20:24:04.326Z', 1, 'VENTAS'),
(3479, 'INSERTO', '2022-12-02T20:24:18.694Z', 1, 'VENTAS'),
(3480, 'INGRESO', '2022-12-02T20:25:04.390Z', 1, 'VENTAS'),
(3481, 'INGRESO', '2022-12-02T20:26:07.462Z', 1, 'VENTAS'),
(3482, 'INGRESO', '2022-12-02T20:26:38.382Z', 1, 'VENTAS'),
(3483, 'INGRESO', '2022-12-02T20:27:07.704Z', 1, 'VENTAS'),
(3484, 'INGRESO', '2022-12-02T20:27:58.380Z', 1, 'VENTAS'),
(3485, 'INSERTO', '2022-12-02T20:28:16.486Z', 1, 'VENTAS'),
(3486, 'INSERTO', '2022-12-02T20:29:45.862Z', 1, 'VENTAS'),
(3487, 'INSERTO', '2022-12-02T20:30:33.101Z', 1, 'VENTAS'),
(3488, 'INSERTO', '2022-12-02T20:32:06.680Z', 1, 'VENTAS'),
(3489, 'INSERTO', '2022-12-02T20:32:35.814Z', 1, 'VENTAS'),
(3490, 'INSERTO', '2022-12-02T20:33:30.535Z', 1, 'VENTAS'),
(3491, 'INSERTO', '2022-12-02T20:34:02.830Z', 1, 'VENTAS'),
(3492, 'INGRESO', '2022-12-02T20:35:35.413Z', 1, 'VENTAS'),
(3493, 'INGRESO', '2022-12-02T20:36:01.887Z', 1, 'VENTAS'),
(3494, 'SALIO', '2022-12-02T20:36:27.581Z', 1, 'VENTAS'),
(3495, 'INGRESO', '2022-12-02T20:36:27.651Z', 1, 'PARAMETROS'),
(3496, 'ACTUALIZO', '2022-12-02T20:37:05.317Z', 1, 'PARAMETROS'),
(3497, 'SALIO', '2022-12-02T20:37:08.982Z', 1, 'PARAMETROS'),
(3498, 'INGRESO', '2022-12-02T20:37:09.037Z', 3, 'COMPRAS'),
(3499, 'SALIO', '2022-12-02T20:37:50.125Z', 1, 'COMPRAS'),
(3500, 'INGRESO', '2022-12-02T20:37:50.157Z', 1, 'VENTAS'),
(3501, 'INSERTO', '2022-12-02T20:38:16.880Z', 1, 'VENTAS'),
(3502, 'SALIO', '2022-12-02T20:38:54.036Z', 1, 'VENTAS'),
(3503, 'INGRESO', '2022-12-02T20:38:54.078Z', 1, 'ROLES'),
(3504, 'SALIO', '2022-12-02T20:38:57.569Z', 1, 'ROLES'),
(3505, 'INGRESO', '2022-12-02T20:38:57.633Z', 1, 'USUARIOS'),
(3506, 'SALIO', '2022-12-02T20:39:03.621Z', 1, 'USUARIOS'),
(3507, 'INGRESO', '2022-12-02T20:39:03.650Z', 1, 'CLIENTES'),
(3508, 'SALIO', '2022-12-02T20:39:38.075Z', 1, 'CLIENTES'),
(3509, 'INGRESO', '2022-12-02T20:39:38.096Z', 1, 'BITACORA'),
(3510, 'SALIO', '2022-12-02T20:39:45.729Z', 1, 'BITACORA'),
(3511, 'INGRESO', '2022-12-02T20:39:45.771Z', 1, 'ROLES'),
(3512, 'SALIO', '2022-12-02T20:39:49.014Z', 1, 'ROLES'),
(3513, 'INGRESO', '2022-12-02T20:39:49.050Z', 3, 'COMPRAS'),
(3514, 'SALIO', '2022-12-02T20:40:10.272Z', 1, 'COMPRAS'),
(3515, 'INGRESO', '2022-12-02T20:40:10.370Z', 3, 'PROVEEDORES'),
(3516, 'SALIO', '2022-12-02T20:40:18.044Z', 1, 'PROVEEDORES'),
(3517, 'INGRESO', '2022-12-02T20:40:18.089Z', 3, 'COMPRAS'),
(3518, 'SALIO', '2022-12-02T20:40:28.834Z', 1, 'COMPRAS'),
(3519, 'INGRESO', '2022-12-02T20:40:28.905Z', 1, 'VENTAS'),
(3520, 'SALIO', '2022-12-02T20:41:34.415Z', 1, 'VENTAS'),
(3521, 'INGRESO', '2022-12-02T20:41:34.441Z', 3, 'PROVEEDORES'),
(3522, 'SALIO', '2022-12-02T20:41:35.298Z', 1, 'PROVEEDORES'),
(3523, 'INGRESO', '2022-12-02T20:41:35.323Z', 3, 'COMPRAS'),
(3524, 'SALIO', '2022-12-02T20:41:36.951Z', 1, 'COMPRAS'),
(3525, 'INGRESO', '2022-12-02T20:41:36.988Z', 1, 'TIPO CLIENTES'),
(3526, 'SALIO', '2022-12-02T20:41:37.663Z', 1, 'TIPO CLIENTES'),
(3527, 'INGRESO', '2022-12-02T20:41:37.693Z', 1, 'VENTAS'),
(3528, 'SALIO', '2022-12-02T20:41:38.315Z', 1, 'VENTAS'),
(3529, 'INGRESO', '2022-12-02T20:41:38.328Z', 1, 'CLIENTES'),
(3530, 'INGRESO', '2022-12-02T20:43:55.604Z', 1, 'CLIENTES'),
(3531, 'INGRESO', '2022-12-02T20:45:20.279Z', 1, 'CLIENTES'),
(3532, 'INGRESO', '2022-12-02T20:45:28.618Z', 1, 'CLIENTES'),
(3533, 'INGRESO', '2022-12-02T20:45:39.742Z', 1, 'CLIENTES'),
(3534, 'INGRESO', '2022-12-02T20:46:30.168Z', 1, 'CLIENTES'),
(3535, 'SALIO', '2022-12-02T20:46:34.471Z', 1, 'CLIENTES'),
(3536, 'INGRESO', '2022-12-02T20:46:34.546Z', 3, 'COMPRAS'),
(3537, 'INGRESO', '2022-12-02T20:47:38.238Z', 3, 'COMPRAS'),
(3538, 'SALIO', '2022-12-02T20:48:03.296Z', 1, 'COMPRAS'),
(3539, 'INGRESO', '2022-12-02T20:48:03.360Z', 1, 'USUARIOS'),
(3540, 'SALIO', '2022-12-02T20:48:19.915Z', 1, 'USUARIOS'),
(3541, 'INGRESO', '2022-12-02T20:48:19.973Z', 3, 'COMPRAS'),
(3542, 'INGRESO', '2022-12-02T20:52:45.413Z', 3, 'COMPRAS'),
(3543, 'INGRESO', '2022-12-02T20:54:25.899Z', 3, 'COMPRAS'),
(3544, 'INGRESO', '2022-12-02T20:55:38.322Z', 3, 'COMPRAS'),
(3545, 'INGRESO', '2022-12-02T20:56:21.119Z', 3, 'COMPRAS'),
(3546, 'INGRESO', '2022-12-02T21:01:25.528Z', 3, 'COMPRAS'),
(3547, 'INGRESO', '2022-12-02T21:02:11.177Z', 3, 'COMPRAS'),
(3548, 'INGRESO', '2022-12-02T21:03:44.811Z', 3, 'COMPRAS'),
(3549, 'INGRESO', '2022-12-02T21:04:03.118Z', 3, 'COMPRAS'),
(3550, 'INGRESO', '2022-12-02T21:04:27.700Z', 3, 'COMPRAS'),
(3551, 'INGRESO', '2022-12-02T21:06:23.470Z', 3, 'COMPRAS'),
(3552, 'INGRESO', '2022-12-02T21:08:07.282Z', 3, 'COMPRAS'),
(3553, 'INGRESO', '2022-12-02T21:09:29.895Z', 3, 'COMPRAS'),
(3554, 'INGRESO', '2022-12-02T21:09:58.126Z', 3, 'COMPRAS'),
(3555, 'INGRESO', '2022-12-02T21:10:26.109Z', 3, 'COMPRAS'),
(3556, 'INGRESO', '2022-12-02T21:16:43.669Z', 3, 'COMPRAS'),
(3557, 'INGRESO', '2022-12-02T21:19:18.474Z', 3, 'COMPRAS'),
(3558, 'SALIO', '2022-12-02T21:19:52.255Z', 1, 'COMPRAS'),
(3559, 'INGRESO', '2022-12-02T21:19:52.334Z', 1, 'INVENTARIO'),
(3560, 'SALIO', '2022-12-02T21:21:19.246Z', 1, 'ARTICULOS'),
(3561, 'INGRESO', '2022-12-02T21:21:19.267Z', 3, 'COMPRAS'),
(3562, 'DESCARGO PDF', '2022-12-02T21:21:32.720Z', 3, 'COMPRAS'),
(3563, 'DESCARGO PDF', '2022-12-02T21:23:59.321Z', 3, 'COMPRAS'),
(3564, 'INGRESO', '2022-12-02T21:25:51.798Z', 3, 'COMPRAS'),
(3565, 'DESCARGO PDF', '2022-12-02T21:25:55.356Z', 3, 'COMPRAS'),
(3566, 'DESCARGO PDF', '2022-12-02T21:28:24.393Z', 3, 'COMPRAS'),
(3567, 'INGRESO', '2022-12-02T21:30:20.686Z', 3, 'COMPRAS'),
(3568, 'SALIO', '2022-12-02T21:30:29.995Z', 1, 'COMPRAS'),
(3569, 'INGRESO', '2022-12-02T21:30:30.075Z', 1, 'CATEGORIAS'),
(3570, 'SALIO', '2022-12-02T21:30:32.508Z', 1, 'CATEGORIAS'),
(3571, 'INGRESO', '2022-12-02T21:30:32.613Z', 3, 'PROVEEDORES'),
(3572, 'SALIO', '2022-12-02T21:30:32.981Z', 1, 'PROVEEDORES'),
(3573, 'INGRESO', '2022-12-02T21:30:33.084Z', 3, 'COMPRAS'),
(3574, 'SALIO', '2022-12-02T21:30:39.167Z', 1, 'COMPRAS'),
(3575, 'INGRESO', '2022-12-02T21:30:39.262Z', 3, 'PROVEEDORES'),
(3576, 'SALIO', '2022-12-02T21:30:52.639Z', 1, 'PROVEEDORES'),
(3577, 'INGRESO', '2022-12-02T21:30:52.769Z', 1, 'USUARIOS'),
(3578, 'SALIO', '2022-12-02T21:30:52.942Z', 1, 'USUARIOS'),
(3579, 'INGRESO', '2022-12-02T21:30:53.042Z', 1, 'ROLES'),
(3580, 'SALIO', '2022-12-02T21:30:58.751Z', 1, 'ROLES'),
(3581, 'INGRESO', '2022-12-02T21:30:58.820Z', 1, 'PERSONAS'),
(3582, 'SALIO', '2022-12-02T21:31:11.714Z', 1, 'PERSONAS'),
(3583, 'INGRESO', '2022-12-02T21:31:11.755Z', 3, 'COMPRAS'),
(3584, 'INGRESO', '2022-12-02T21:34:44.271Z', 3, 'COMPRAS'),
(3585, 'SALIO', '2022-12-02T21:39:48.701Z', 1, 'COMPRAS'),
(3586, 'INGRESO', '2022-12-02T21:39:48.740Z', 1, 'MOVIMIENTOS'),
(3587, 'INGRESO', '2022-12-02T21:39:55.469Z', 1, 'MOVIMIENTOS'),
(3588, 'SALIO', '2022-12-02T21:40:09.983Z', 1, 'MOVIMIENTOS'),
(3589, 'INGRESO', '2022-12-02T21:40:10.027Z', 1, 'OBJETOS'),
(3590, 'SALIO', '2022-12-02T21:40:10.852Z', 1, 'OBJETOS'),
(3591, 'INGRESO', '2022-12-02T21:40:10.918Z', 1, 'PERMISOS'),
(3592, 'SALIO', '2022-12-02T21:40:11.728Z', 1, 'PERMISOS'),
(3593, 'INGRESO', '2022-12-02T21:40:11.754Z', 3, 'PREGUNTAS'),
(3594, 'SALIO', '2022-12-02T21:40:12.562Z', 1, 'PREGUNTAS'),
(3595, 'INGRESO', '2022-12-02T21:40:12.588Z', 1, 'USUARIOS'),
(3596, 'SALIO', '2022-12-02T21:40:17.717Z', 1, 'USUARIOS'),
(3597, 'INGRESO', '2022-12-02T21:40:17.725Z', 1, 'MOVIMIENTOS'),
(3598, NULL, NULL, NULL, NULL),
(3599, NULL, NULL, NULL, NULL),
(3600, 'SALIO', '2022-12-02T21:43:02.218Z', 1, 'MOVIMIENTOS'),
(3601, 'INGRESO', '2022-12-02T21:43:02.237Z', 1, 'BITACORA'),
(3602, 'DESCARGO PDF', '2022-12-02T21:43:23.707Z', 1, 'BITACORA'),
(3603, 'SALIO', '2022-12-02T21:43:48.280Z', 1, 'BITACORA'),
(3604, 'INGRESO', '2022-12-02T21:43:48.298Z', 1, 'INVENTARIO'),
(3605, 'SALIO', '2022-12-02T21:43:49.905Z', 1, 'ARTICULOS'),
(3606, 'INGRESO', '2022-12-02T21:43:49.915Z', 1, 'MOVIMIENTOS'),
(3607, 'SALIO', '2022-12-02T21:44:15.944Z', 1, 'MOVIMIENTOS'),
(3608, 'INGRESO', '2022-12-02T21:44:16.020Z', 3, 'COMPRAS'),
(3609, 'INSERTO', '2022-12-02T21:44:24.718Z', 1, 'COMPRAS'),
(3610, 'SALIO', '2022-12-02T21:44:32.097Z', 1, 'COMPRAS'),
(3611, 'INGRESO', '2022-12-02T21:44:32.175Z', 1, 'PARAMETROS'),
(3612, 'SALIO', '2022-12-02T21:44:42.257Z', 1, 'PARAMETROS'),
(3613, 'INGRESO', '2022-12-02T21:44:42.314Z', 1, 'VENTAS'),
(3614, 'SALIO', '2022-12-02T21:44:47.113Z', 1, 'VENTAS'),
(3615, 'INGRESO', '2022-12-02T21:44:47.163Z', 3, 'VENTAS'),
(3616, 'SALIO', '2022-12-02T21:45:00.700Z', 1, 'VENTAS'),
(3617, 'INGRESO', '2022-12-02T21:45:00.758Z', 1, 'VENTAS'),
(3618, 'SALIO', '2022-12-02T21:45:01.642Z', 1, 'VENTAS'),
(3619, 'INGRESO', '2022-12-02T21:45:01.665Z', 1, 'CLIENTES'),
(3620, 'SALIO', '2022-12-02T21:45:02.385Z', 1, 'CLIENTES'),
(3621, 'INGRESO', '2022-12-02T21:45:02.400Z', 1, 'TIPO CLIENTES'),
(3622, 'SALIO', '2022-12-02T21:45:09.595Z', 1, 'TIPO CLIENTES'),
(3623, 'INGRESO', '2022-12-02T21:45:09.626Z', 1, 'CLIENTES'),
(3624, 'SALIO', '2022-12-02T21:45:10.998Z', 1, 'CLIENTES'),
(3625, 'INGRESO', '2022-12-02T21:45:11.029Z', 1, 'VENTAS'),
(3626, 'SALIO', '2022-12-02T21:45:12.280Z', 1, 'VENTAS'),
(3627, 'INGRESO', '2022-12-02T21:45:12.302Z', 1, 'TIPO CLIENTES'),
(3628, 'SALIO', '2022-12-02T21:45:12.930Z', 1, 'TIPO CLIENTES'),
(3629, 'INGRESO', '2022-12-02T21:45:13.048Z', 1, 'VENTAS'),
(3630, 'SALIO', '2022-12-02T21:45:15.794Z', 1, 'VENTAS'),
(3631, 'INGRESO', '2022-12-02T21:45:15.824Z', 3, 'COMPRAS'),
(3632, 'SALIO', '2022-12-02T21:45:20.246Z', 1, 'COMPRAS'),
(3633, 'INGRESO', '2022-12-02T21:45:20.261Z', 3, 'VENTAS'),
(3634, 'SALIO', '2022-12-02T21:45:26.355Z', 1, 'VENTAS'),
(3635, 'INGRESO', '2022-12-02T21:45:26.383Z', 3, 'COMPRAS'),
(3636, 'SALIO', '2022-12-02T21:46:32.716Z', 1, 'COMPRAS'),
(3637, 'INGRESO', '2022-12-02T21:46:32.742Z', 1, 'CATEGORIAS'),
(3638, 'SALIO', '2022-12-02T21:46:36.494Z', 1, 'CATEGORIAS'),
(3639, 'INGRESO', '2022-12-02T21:46:36.524Z', 1, 'ARTICULOS'),
(3640, 'SALIO', '2022-12-02T21:46:40.149Z', 1, 'ARTICULOS'),
(3641, 'INGRESO', '2022-12-02T21:46:40.169Z', 1, 'INVENTARIO'),
(3642, 'SALIO', '2022-12-02T21:46:40.696Z', 1, 'ARTICULOS'),
(3643, 'INGRESO', '2022-12-02T21:46:40.701Z', 1, 'MOVIMIENTOS'),
(3644, 'SALIO', '2022-12-02T21:46:41.267Z', 1, 'MOVIMIENTOS'),
(3645, 'INGRESO', '2022-12-02T21:46:41.295Z', 1, 'ARTICULOS'),
(3646, 'SALIO', '2022-12-02T21:46:44.464Z', 1, 'ARTICULOS'),
(3647, 'INGRESO', '2022-12-02T21:47:18.227Z', 3, 'PROVEEDORES'),
(3648, 'SALIO', '2022-12-02T21:47:42.586Z', 1, 'PROVEEDORES'),
(3649, 'INGRESO', '2022-12-02T21:47:42.595Z', 1, 'PERSONAS'),
(3650, 'SALIO', '2022-12-02T21:47:50.954Z', 1, 'PERSONAS'),
(3651, 'INGRESO', '2022-12-02T21:47:50.963Z', 3, 'COMPRAS'),
(3652, 'SALIO', '2022-12-02T21:48:41.772Z', 1, 'COMPRAS'),
(3653, 'INGRESO', '2022-12-02T21:48:41.776Z', 1, 'CLIENTES'),
(3654, 'SALIO', '2022-12-02T21:48:42.393Z', 1, 'CLIENTES'),
(3655, 'INGRESO', '2022-12-02T21:48:42.428Z', 1, 'VENTAS'),
(3656, 'SALIO', '2022-12-02T21:48:44.836Z', 1, 'VENTAS'),
(3657, 'INGRESO', '2022-12-02T21:48:44.840Z', 3, 'VENTAS'),
(3658, 'SALIO', '2022-12-02T21:49:05.771Z', 1, 'VENTAS'),
(3659, 'INGRESO', '2022-12-02T21:49:05.780Z', 1, 'VENTAS'),
(3660, 'SALIO', '2022-12-02T21:49:08.500Z', 1, 'VENTAS'),
(3661, 'INGRESO', '2022-12-02T21:49:08.502Z', 3, 'VENTAS'),
(3662, 'SALIO', '2022-12-02T21:49:10.388Z', 1, 'VENTAS'),
(3663, 'INGRESO', '2022-12-02T21:49:10.392Z', 1, 'VENTAS'),
(3664, 'SALIO', '2022-12-02T21:49:11.717Z', 1, 'VENTAS'),
(3665, 'INGRESO', '2022-12-02T21:49:11.722Z', 3, 'VENTAS'),
(3666, 'SALIO', '2022-12-02T21:49:26.138Z', 1, 'VENTAS'),
(3667, 'INGRESO', '2022-12-02T21:49:26.146Z', 1, 'VENTAS'),
(3668, 'SALIO', '2022-12-02T21:49:30.308Z', 1, 'VENTAS'),
(3669, 'INGRESO', '2022-12-02T21:49:30.317Z', 3, 'COMPRAS'),
(3670, 'INGRESO', '2022-12-02T21:53:20.682Z', 3, 'COMPRAS'),
(3671, 'INGRESO', '2022-12-02T21:54:53.429Z', 3, 'COMPRAS'),
(3672, 'INGRESO', '2022-12-02T21:55:13.182Z', 3, 'COMPRAS'),
(3673, 'INGRESO', '2022-12-02T21:58:13.678Z', 3, 'COMPRAS'),
(3674, 'INGRESO', '2022-12-02T21:58:27.740Z', 3, 'COMPRAS'),
(3675, 'INGRESO', '2022-12-02T21:59:03.581Z', 3, 'COMPRAS'),
(3676, 'INGRESO', '2022-12-02T21:59:22.475Z', 3, 'COMPRAS'),
(3677, 'INGRESO', '2022-12-02T21:59:59.023Z', 3, 'COMPRAS'),
(3678, 'INGRESO', '2022-12-02T22:05:01.265Z', 3, 'COMPRAS'),
(3679, 'SALIO', '2022-12-02T22:05:31.830Z', 1, 'COMPRAS'),
(3680, 'INGRESO', '2022-12-02T22:05:31.837Z', 1, 'VENTAS'),
(3681, 'INSERTO', '2022-12-02T22:06:30.489Z', 1, 'VENTAS'),
(3682, 'SALIO', '2022-12-02T22:06:33.487Z', 1, 'VENTAS'),
(3683, 'INGRESO', '2022-12-02T22:06:33.497Z', 3, 'COMPRAS'),
(3684, 'INGRESO', '2022-12-02T22:08:55.128Z', 3, 'COMPRAS'),
(3685, 'INGRESO', '2022-12-02T22:25:14.765Z', 3, 'COMPRAS'),
(3686, 'INGRESO', '2022-12-03T15:31:49.355Z', 1, 'USUARIOS'),
(3687, 'INGRESO', '2022-12-03T15:32:11.058Z', 1, 'USUARIOS'),
(3688, 'INGRESO', '2022-12-03T15:35:47.589Z', 1, 'USUARIOS'),
(3689, 'INGRESO', '2022-12-03T15:37:14.512Z', 1, 'USUARIOS'),
(3690, 'INGRESO', '2022-12-03T15:38:10.901Z', 1, 'USUARIOS'),
(3691, 'INGRESO', '2022-12-03T15:38:53.238Z', 1, 'USUARIOS'),
(3692, 'INGRESO', '2022-12-03T15:40:26.107Z', 1, 'USUARIOS'),
(3693, 'INGRESO', '2022-12-03T15:45:35.803Z', 1, 'USUARIOS'),
(3694, 'INGRESO', '2022-12-03T15:49:27.467Z', 1, 'USUARIOS'),
(3695, 'INGRESO', '2022-12-03T15:50:39.867Z', 1, 'USUARIOS'),
(3696, 'INGRESO', '2022-12-03T15:51:46.053Z', 1, 'USUARIOS'),
(3697, 'INGRESO', '2022-12-03T15:52:19.916Z', 1, 'USUARIOS'),
(3698, 'INGRESO', '2022-12-03T15:55:04.878Z', 1, 'USUARIOS'),
(3699, 'INGRESO', '2022-12-03T15:55:53.589Z', 1, 'USUARIOS'),
(3700, 'INGRESO', '2022-12-03T15:56:45.126Z', 1, 'USUARIOS'),
(3701, 'INGRESO', '2022-12-03T15:57:12.739Z', 1, 'USUARIOS'),
(3702, 'INSERTO', '2022-12-03T15:59:21.718Z', 1, 'USUARIOS'),
(3703, 'INGRESO', '2022-12-03T15:59:40.685Z', 1, 'USUARIOS'),
(3704, 'INGRESO', '2022-12-03T16:00:29.030Z', 1, 'USUARIOS'),
(3705, 'INGRESO', '2022-12-03T16:00:51.090Z', 1, 'USUARIOS'),
(3706, 'INGRESO', '2022-12-03T16:08:54.362Z', 1, 'USUARIOS'),
(3707, 'INGRESO', '2022-12-03T16:15:05.395Z', 1, 'USUARIOS'),
(3708, 'INGRESO', '2022-12-03T16:15:59.277Z', 1, 'USUARIOS'),
(3709, 'INGRESO', '2022-12-03T16:16:36.051Z', 1, 'USUARIOS'),
(3710, 'INGRESO', '2022-12-03T16:17:07.033Z', 1, 'USUARIOS'),
(3711, 'INGRESO', '2022-12-03T16:17:17.843Z', 1, 'USUARIOS'),
(3712, 'INGRESO', '2022-12-03T16:17:34.652Z', 1, 'USUARIOS'),
(3713, 'INGRESO', '2022-12-03T16:20:54.517Z', 1, 'USUARIOS'),
(3714, 'INGRESO', '2022-12-03T16:25:24.080Z', 1, 'USUARIOS'),
(3715, 'INGRESO', '2022-12-03T16:28:22.348Z', 1, 'USUARIOS'),
(3716, 'INGRESO', '2022-12-03T16:29:11.920Z', 1, 'USUARIOS'),
(3717, 'INGRESO', '2022-12-03T16:29:29.740Z', 1, 'USUARIOS'),
(3718, 'INGRESO', '2022-12-03T16:29:59.083Z', 1, 'USUARIOS'),
(3719, 'INSERTO', '2022-12-03T16:30:27.439Z', 1, 'USUARIOS'),
(3720, 'INGRESO', '2022-12-03T16:31:24.221Z', 1, 'USUARIOS'),
(3721, 'INSERTO', '2022-12-03T16:31:53.009Z', 1, 'USUARIOS'),
(3722, 'INGRESO', '2022-12-03T16:34:23.422Z', 1, 'USUARIOS'),
(3723, 'INGRESO', '2022-12-03T16:35:09.239Z', 1, 'USUARIOS'),
(3724, 'INGRESO', '2022-12-03T16:35:27.216Z', 1, 'USUARIOS'),
(3725, 'INGRESO', '2022-12-03T16:35:36.624Z', 1, 'USUARIOS'),
(3726, 'INGRESO', '2022-12-03T16:36:14.917Z', 1, 'USUARIOS'),
(3727, 'INGRESO', '2022-12-03T16:36:39.702Z', 1, 'USUARIOS'),
(3728, 'INSERTO', '2022-12-03T16:37:05.700Z', 1, 'USUARIOS'),
(3729, 'INGRESO', '2022-12-03T16:37:22.182Z', 1, 'USUARIOS'),
(3730, 'INGRESO', '2022-12-03T16:38:19.083Z', 1, 'USUARIOS');
INSERT INTO `tbl_bitacora` (`COD_BITACORA`, `ACCION`, `FECHA`, `COD_USUARIO`, `TABLA_MODIFICADA`) VALUES
(3731, 'INGRESO', '2022-12-03T16:38:25.094Z', 1, 'USUARIOS'),
(3732, 'INSERTO', '2022-12-03T16:39:16.805Z', 1, 'USUARIOS'),
(3733, 'INGRESO', '2022-12-03T16:43:53.747Z', 1, 'USUARIOS'),
(3734, 'INGRESO', '2022-12-03T16:44:07.011Z', 1, 'USUARIOS'),
(3735, 'INGRESO', '2022-12-03T16:45:09.258Z', 1, 'USUARIOS'),
(3736, 'INGRESO', '2022-12-03T16:46:17.160Z', 1, 'USUARIOS'),
(3737, 'INGRESO', '2022-12-03T16:46:39.240Z', 1, 'USUARIOS'),
(3738, 'INGRESO', '2022-12-03T16:50:56.216Z', 1, 'USUARIOS'),
(3739, 'INGRESO', '2022-12-03T16:51:30.548Z', 1, 'USUARIOS'),
(3740, 'INSERTO', '2022-12-03T16:52:12.714Z', 1, 'USUARIOS'),
(3741, 'INGRESO', '2022-12-03T16:52:28.199Z', 1, 'USUARIOS'),
(3742, 'INGRESO', '2022-12-03T16:53:23.423Z', 1, 'USUARIOS'),
(3743, 'INGRESO', '2022-12-03T16:53:27.903Z', 1, 'USUARIOS'),
(3744, 'INGRESO', '2022-12-03T16:55:00.746Z', 1, 'USUARIOS'),
(3745, 'INGRESO', '2022-12-03T17:02:26.837Z', 1, 'USUARIOS'),
(3746, 'INGRESO', '2022-12-03T17:03:05.218Z', 1, 'USUARIOS'),
(3747, 'INGRESO', '2022-12-03T17:04:20.922Z', 1, 'USUARIOS'),
(3748, 'SALIO', '2022-12-03T17:10:08.297Z', 1, 'USUARIOS'),
(3749, 'INGRESO', '2022-12-03T17:10:08.392Z', 3, 'PROVEEDORES'),
(3750, 'SALIO', '2022-12-03T17:10:09.297Z', 1, 'PROVEEDORES'),
(3751, 'INGRESO', '2022-12-03T17:10:09.331Z', 3, 'COMPRAS'),
(3752, 'INGRESO', '2022-12-03T17:12:50.702Z', 3, 'COMPRAS'),
(3753, 'SALIO', '2022-12-03T17:13:12.026Z', 1, 'COMPRAS'),
(3754, 'INGRESO', '2022-12-03T17:13:12.104Z', 1, 'VENTAS'),
(3755, 'INGRESO', '2022-12-03T17:14:19.860Z', 1, 'VENTAS'),
(3756, 'INGRESO', '2022-12-03T17:14:51.698Z', 1, 'VENTAS'),
(3757, 'INGRESO', '2022-12-03T17:15:39.049Z', 1, 'VENTAS'),
(3758, 'INGRESO', '2022-12-03T17:30:22.592Z', 1, 'VENTAS'),
(3759, 'INGRESO', '2022-12-03T17:33:02.838Z', 1, 'VENTAS'),
(3760, 'INGRESO', '2022-12-03T17:35:12.153Z', 1, 'VENTAS'),
(3761, 'SALIO', '2022-12-03T17:37:39.129Z', 1, 'VENTAS'),
(3762, 'INGRESO', '2022-12-03T17:37:39.148Z', 3, 'COMPRAS'),
(3763, 'INGRESO', '2022-12-03T17:40:20.428Z', 3, 'COMPRAS'),
(3764, 'SALIO', '2022-12-03T17:53:25.022Z', 1, 'COMPRAS'),
(3765, 'INGRESO', '2022-12-03T17:53:25.107Z', 3, 'PROVEEDORES'),
(3766, 'SALIO', '2022-12-03T17:53:25.741Z', 1, 'PROVEEDORES'),
(3767, 'INGRESO', '2022-12-03T17:53:25.765Z', 3, 'COMPRAS'),
(3768, 'SALIO', '2022-12-03T17:53:28.272Z', 1, 'COMPRAS'),
(3769, 'INGRESO', '2022-12-03T17:53:28.287Z', 1, 'CLIENTES'),
(3770, 'SALIO', '2022-12-03T17:53:28.487Z', 1, 'CLIENTES'),
(3771, 'INGRESO', '2022-12-03T17:53:28.526Z', 1, 'VENTAS'),
(3772, 'SALIO', '2022-12-03T17:53:29.422Z', 1, 'VENTAS'),
(3773, 'INGRESO', '2022-12-03T17:53:29.446Z', 1, 'CLIENTES'),
(3774, 'SALIO', '2022-12-03T17:53:30.105Z', 1, 'CLIENTES'),
(3775, 'INGRESO', '2022-12-03T17:53:30.139Z', 1, 'VENTAS'),
(3776, 'SALIO', '2022-12-03T17:53:32.995Z', 1, 'VENTAS'),
(3777, 'INGRESO', '2022-12-03T17:53:33.041Z', 1, 'ROLES'),
(3778, 'SALIO', '2022-12-03T17:53:33.498Z', 1, 'ROLES'),
(3779, 'INGRESO', '2022-12-03T17:53:33.543Z', 1, 'USUARIOS'),
(3780, 'SALIO', '2022-12-03T17:53:38.788Z', 1, 'USUARIOS'),
(3781, 'INGRESO', '2022-12-05T03:05:38.326Z', 1, 'USUARIOS'),
(3782, 'SALIO', '2022-12-05T03:05:46.186Z', 1, 'USUARIOS'),
(3783, 'INGRESO', '2022-12-05T03:05:46.229Z', 3, 'COMPRAS'),
(3784, 'INGRESO', '2022-12-05T03:07:34.035Z', 3, 'COMPRAS'),
(3785, 'INGRESO', '2022-12-05T03:08:42.075Z', 3, 'COMPRAS'),
(3786, 'SALIO', '2022-12-05T03:12:43.968Z', 1, 'COMPRAS'),
(3787, 'INGRESO', '2022-12-05T03:12:44.012Z', 3, 'PROVEEDORES'),
(3788, 'INGRESO', '2022-12-05T03:19:19.699Z', 3, 'PROVEEDORES'),
(3789, 'SALIO', '2022-12-05T03:19:37.749Z', 1, 'PROVEEDORES'),
(3790, 'INGRESO', '2022-12-05T03:19:37.810Z', 3, 'COMPRAS'),
(3791, 'INGRESO', '2022-12-05T03:21:33.140Z', 3, 'COMPRAS'),
(3792, 'INGRESO', '2022-12-05T03:23:18.219Z', 3, 'COMPRAS'),
(3793, 'INGRESO', '2022-12-05T03:26:38.046Z', 3, 'COMPRAS'),
(3794, 'INGRESO', '2022-12-05T03:28:48.515Z', 3, 'COMPRAS'),
(3795, 'INGRESO', '2022-12-05T03:29:34.966Z', 3, 'COMPRAS'),
(3796, 'INGRESO', '2022-12-05T03:29:51.234Z', 3, 'COMPRAS'),
(3797, 'INGRESO', '2022-12-05T03:32:37.616Z', 3, 'COMPRAS'),
(3798, 'INGRESO', '2022-12-05T03:32:54.741Z', 3, 'COMPRAS'),
(3799, 'INGRESO', '2022-12-05T03:34:53.368Z', 3, 'COMPRAS'),
(3800, 'INGRESO', '2022-12-05T03:38:02.047Z', 3, 'COMPRAS'),
(3801, 'INGRESO', '2022-12-05T03:38:10.837Z', 3, 'COMPRAS'),
(3802, 'INGRESO', '2022-12-05T03:39:57.454Z', 3, 'COMPRAS'),
(3803, 'INGRESO', '2022-12-05T03:41:05.595Z', 3, 'COMPRAS'),
(3804, 'INGRESO', '2022-12-05T03:43:04.922Z', 3, 'COMPRAS'),
(3805, 'INSERTO', '2022-12-05T03:43:38.600Z', 1, 'COMPRAS'),
(3806, 'INGRESO', '2022-12-05T03:50:42.280Z', 3, 'COMPRAS'),
(3807, 'INGRESO', '2022-12-05T03:51:07.246Z', 3, 'COMPRAS'),
(3808, 'INGRESO', '2022-12-05T03:51:28.261Z', 3, 'COMPRAS'),
(3809, 'INGRESO', '2022-12-05T03:51:43.388Z', 3, 'COMPRAS'),
(3810, 'INGRESO', '2022-12-05T03:52:50.941Z', 3, 'COMPRAS'),
(3811, 'INGRESO', '2022-12-05T03:53:19.427Z', 3, 'COMPRAS'),
(3812, 'INGRESO', '2022-12-05T03:54:59.042Z', 3, 'COMPRAS'),
(3813, 'INGRESO', '2022-12-05T03:55:18.780Z', 3, 'COMPRAS'),
(3814, 'INGRESO', '2022-12-05T03:56:55.826Z', 3, 'COMPRAS'),
(3815, 'INGRESO', '2022-12-05T03:58:42.187Z', 3, 'COMPRAS'),
(3816, 'INSERTO', '2022-12-05T03:58:59.894Z', 1, 'COMPRAS'),
(3817, 'INGRESO', '2022-12-05T04:00:20.514Z', 3, 'COMPRAS'),
(3818, 'SALIO', '2022-12-05T04:00:24.699Z', 1, 'COMPRAS'),
(3819, 'INGRESO', '2022-12-05T04:00:24.736Z', 1, 'CLIENTES'),
(3820, 'SALIO', '2022-12-05T04:00:25.128Z', 1, 'CLIENTES'),
(3821, 'INGRESO', '2022-12-05T04:00:25.151Z', 1, 'VENTAS'),
(3822, 'SALIO', '2022-12-05T04:00:48.816Z', 1, 'VENTAS'),
(3823, 'INGRESO', '2022-12-05T04:00:48.871Z', 3, 'COMPRAS'),
(3824, 'INGRESO', '2022-12-05T04:01:45.560Z', 3, 'COMPRAS'),
(3825, 'INGRESO', '2022-12-05T04:02:12.385Z', 3, 'COMPRAS'),
(3826, 'SALIO', '2022-12-05T04:02:17.740Z', 1, 'COMPRAS'),
(3827, 'INGRESO', '2022-12-05T04:02:17.758Z', 1, 'CLIENTES'),
(3828, 'SALIO', '2022-12-05T04:02:18.119Z', 1, 'CLIENTES'),
(3829, 'INGRESO', '2022-12-05T04:02:18.229Z', 1, 'VENTAS'),
(3830, 'INSERTO', '2022-12-05T04:02:46.688Z', 1, 'VENTAS'),
(3831, 'SALIO', '2022-12-05T04:03:01.205Z', 1, 'VENTAS'),
(3832, 'INGRESO', '2022-12-05T04:03:01.263Z', 1, 'OBJETOS'),
(3833, 'SALIO', '2022-12-05T04:03:01.503Z', 1, 'OBJETOS'),
(3834, 'INGRESO', '2022-12-05T04:03:01.565Z', 1, 'PERMISOS'),
(3835, 'ACTUALIZO', '2022-12-05T04:03:21.343Z', 1, 'PERMISOS'),
(3836, 'SALIO', '2022-12-05T04:03:25.728Z', 1, 'PERMISOS'),
(3837, 'INGRESO', '2022-12-05T04:03:25.764Z', 1, 'VENTAS'),
(3838, 'INGRESO', '2022-12-05T04:04:32.644Z', 1, 'VENTAS'),
(3839, 'INGRESO', '2022-12-05T04:04:58.664Z', 1, 'VENTAS'),
(3840, 'INGRESO', '2022-12-05T04:05:12.677Z', 1, 'VENTAS'),
(3841, 'SALIO', '2022-12-05T04:05:17.161Z', 1, 'VENTAS'),
(3842, 'INGRESO', '2022-12-05T04:05:17.210Z', 3, 'PREGUNTAS'),
(3843, 'SALIO', '2022-12-05T04:05:17.639Z', 1, 'PREGUNTAS'),
(3844, 'INGRESO', '2022-12-05T04:05:17.682Z', 1, 'PERMISOS'),
(3845, 'ACTUALIZO', '2022-12-05T04:05:24.694Z', 1, 'PERMISOS'),
(3846, 'ACTUALIZO', '2022-12-05T04:05:32.157Z', 1, 'PERMISOS'),
(3847, 'SALIO', '2022-12-05T04:05:34.907Z', 1, 'PERMISOS'),
(3848, 'INGRESO', '2022-12-05T04:05:34.963Z', 1, 'VENTAS'),
(3849, 'SALIO', '2022-12-05T04:05:49.878Z', 1, 'VENTAS'),
(3850, 'INGRESO', '2022-12-05T04:05:49.937Z', 1, 'PERMISOS'),
(3851, 'ACTUALIZO', '2022-12-05T04:06:00.203Z', 1, 'PERMISOS'),
(3852, 'SALIO', '2022-12-05T04:06:28.327Z', 1, 'PERMISOS'),
(3853, 'INGRESO', '2022-12-05T04:06:28.414Z', 1, 'PARAMETROS'),
(3854, 'ACTUALIZO', '2022-12-05T04:06:37.306Z', 1, 'PARAMETROS'),
(3855, 'SALIO', '2022-12-05T04:06:44.064Z', 1, 'PARAMETROS'),
(3856, 'INGRESO', '2022-12-05T04:06:44.099Z', 1, 'VENTAS'),
(3857, 'SALIO', '2022-12-05T04:07:03.829Z', 1, 'VENTAS'),
(3858, 'INGRESO', '2022-12-05T04:07:03.849Z', 1, 'CLIENTES'),
(3859, 'SALIO', '2022-12-05T04:07:06.424Z', 1, 'CLIENTES'),
(3860, 'INGRESO', '2022-12-05T04:07:06.486Z', 3, 'PROVEEDORES'),
(3861, 'SALIO', '2022-12-05T04:07:11.430Z', 1, 'PROVEEDORES'),
(3862, 'INGRESO', '2022-12-05T04:07:11.474Z', 3, 'COMPRAS'),
(3863, 'DESCARGO PDF', '2022-12-05T04:07:13.659Z', 3, 'COMPRAS'),
(3864, 'SALIO', '2022-12-05T04:07:25.765Z', 1, 'COMPRAS'),
(3865, 'INGRESO', '2022-12-05T04:07:25.808Z', 3, 'VENTAS'),
(3866, 'DESCARGO PDF', '2022-12-05T04:07:27.050Z', 3, 'COMPRAS'),
(3867, 'SALIO', '2022-12-05T04:07:45.780Z', 1, 'VENTAS'),
(3868, 'INGRESO', '2022-12-05T04:07:45.799Z', 1, 'VENTAS'),
(3869, 'SALIO', '2022-12-05T04:07:54.587Z', 1, 'VENTAS'),
(3870, 'INGRESO', '2022-12-05T04:07:54.627Z', 3, 'VENTAS'),
(3871, 'SALIO', '2022-12-05T04:08:09.087Z', 1, 'VENTAS'),
(3872, 'INGRESO', '2022-12-05T04:08:09.103Z', 1, 'CLIENTES'),
(3873, 'DESCARGO PDF', '2022-12-05T04:08:11.341Z', 1, 'CLIENTES'),
(3874, 'SALIO', '2022-12-05T04:08:17.949Z', 1, 'CLIENTES'),
(3875, 'INGRESO', '2022-12-05T04:08:17.980Z', 1, 'TIPO CLIENTES'),
(3876, 'DESCARGO PDF', '2022-12-05T04:08:19.518Z', 1, 'TIPO CLIENTES'),
(3877, 'SALIO', '2022-12-05T04:08:27.155Z', 1, 'TIPO CLIENTES'),
(3878, 'INGRESO', '2022-12-05T04:08:27.172Z', 3, 'PROVEEDORES'),
(3879, 'DESCARGO PDF', '2022-12-05T04:08:28.734Z', 3, 'PROVEEDORES'),
(3880, 'SALIO', '2022-12-05T04:08:49.597Z', 1, 'PROVEEDORES'),
(3881, 'INGRESO', '2022-12-05T04:08:49.615Z', 1, 'ARTICULOS'),
(3882, 'INGRESO', '2022-12-05T04:08:50.725Z', 1, 'CATEGORIAS'),
(3883, 'SALIO', '2022-12-05T04:08:56.799Z', 1, 'ARTICULOS'),
(3884, 'INGRESO', '2022-12-05T04:08:56.812Z', 1, 'CATEGORIAS'),
(3885, 'SALIO', '2022-12-05T04:08:57.649Z', 1, 'CATEGORIAS'),
(3886, 'INGRESO', '2022-12-05T04:08:57.671Z', 1, 'INVENTARIO'),
(3887, NULL, NULL, NULL, NULL),
(3888, 'SALIO', '2022-12-05T04:09:04.323Z', 1, 'ARTICULOS'),
(3889, 'INGRESO', '2022-12-05T04:09:04.330Z', 1, 'MOVIMIENTOS'),
(3890, NULL, NULL, NULL, NULL),
(3891, 'SALIO', '2022-12-05T04:09:10.717Z', 1, 'MOVIMIENTOS'),
(3892, 'INGRESO', '2022-12-05T04:09:10.745Z', 1, 'CATEGORIAS'),
(3893, 'INGRESO', '2022-12-05T04:09:12.309Z', 1, 'CATEGORIAS'),
(3894, 'SALIO', '2022-12-05T04:09:20.622Z', 1, 'CATEGORIAS'),
(3895, 'INGRESO', '2022-12-05T04:09:20.730Z', 1, 'PERSONAS'),
(3896, 'SALIO', '2022-12-05T04:09:30.555Z', 1, 'PERSONAS'),
(3897, 'INGRESO', '2022-12-05T04:09:30.593Z', 1, 'CLIENTES'),
(3898, 'SALIO', '2022-12-05T04:09:31.612Z', 1, 'CLIENTES'),
(3899, 'INGRESO', '2022-12-05T04:09:31.624Z', 1, 'TIPO CLIENTES'),
(3900, 'SALIO', '2022-12-05T04:09:32.464Z', 1, 'TIPO CLIENTES'),
(3901, 'INGRESO', '2022-12-05T04:09:32.547Z', 1, 'VENTAS'),
(3902, 'SALIO', '2022-12-05T04:09:37.658Z', 1, 'VENTAS'),
(3903, 'INGRESO', '2022-12-05T04:09:37.706Z', 3, 'COMPRAS'),
(3904, 'DESCARGO PDF', '2022-12-05T04:09:41.727Z', 3, 'COMPRAS'),
(3905, 'DESCARGO PDF', '2022-12-05T04:10:35.490Z', 3, 'COMPRAS'),
(3906, 'INGRESO', '2022-12-05T04:12:11.125Z', 3, 'COMPRAS'),
(3907, 'INGRESO', '2022-12-05T04:12:42.157Z', 3, 'COMPRAS'),
(3908, 'INGRESO', '2022-12-05T04:13:07.450Z', 3, 'COMPRAS'),
(3909, 'INGRESO', '2022-12-05T04:13:18.056Z', 3, 'COMPRAS'),
(3910, 'INGRESO', '2022-12-05T04:14:16.578Z', 3, 'COMPRAS'),
(3911, 'INGRESO', '2022-12-05T04:14:36.703Z', 3, 'COMPRAS'),
(3912, 'INGRESO', '2022-12-05T04:14:51.947Z', 3, 'COMPRAS'),
(3913, 'SALIO', '2022-12-05T04:15:04.885Z', 1, 'COMPRAS'),
(3914, 'INGRESO', '2022-12-05T04:19:10.394Z', 1, 'ARTICULOS'),
(3915, 'SALIO', '2022-12-05T04:19:21.711Z', 1, 'ARTICULOS'),
(3916, 'INGRESO', '2022-12-05T04:19:21.797Z', 3, 'COMPRAS'),
(3917, 'INSERTO', '2022-12-05T04:20:09.521Z', 1, 'COMPRAS'),
(3918, 'INGRESO', '2022-12-05T04:21:36.098Z', 3, 'COMPRAS'),
(3919, 'INGRESO', '2022-12-05T04:21:57.594Z', 3, 'COMPRAS'),
(3920, 'INGRESO', '2022-12-05T04:22:24.486Z', 3, 'COMPRAS'),
(3921, 'INGRESO', '2022-12-05T04:23:00.862Z', 3, 'COMPRAS'),
(3922, 'INGRESO', '2022-12-05T04:24:04.918Z', 3, 'COMPRAS'),
(3923, 'INSERTO', '2022-12-05T04:24:49.574Z', 1, 'COMPRAS'),
(3924, 'SALIO', '2022-12-05T04:24:54.990Z', 1, 'COMPRAS'),
(3925, 'INGRESO', '2022-12-05T04:24:55.048Z', 3, 'VENTAS'),
(3926, 'SALIO', '2022-12-05T04:25:13.521Z', 1, 'VENTAS'),
(3927, 'INGRESO', '2022-12-05T04:25:13.608Z', 3, 'COMPRAS'),
(3928, 'INSERTO', '2022-12-05T04:26:44.117Z', 1, 'COMPRAS'),
(3929, 'SALIO', '2022-12-05T04:26:47.332Z', 1, 'COMPRAS'),
(3930, 'INGRESO', '2022-12-05T04:26:47.346Z', 1, 'INVENTARIO'),
(3931, 'SALIO', '2022-12-05T04:26:47.457Z', 1, 'ARTICULOS'),
(3932, 'INGRESO', '2022-12-05T04:26:47.477Z', 1, 'ARTICULOS'),
(3933, 'SALIO', '2022-12-05T04:55:27.655Z', 1, 'ARTICULOS'),
(3934, 'INGRESO', '2022-12-05T04:55:27.719Z', 3, 'COMPRAS'),
(3935, 'SALIO', '2022-12-05T04:56:37.405Z', 1, 'COMPRAS'),
(3936, 'INGRESO', '2022-12-05T19:34:08.372Z', 1, 'USUARIOS'),
(3937, 'SALIO', '2022-12-05T19:34:37.401Z', 1, 'USUARIOS'),
(3938, 'INGRESO', '2022-12-05T19:34:37.508Z', 1, 'VENTAS'),
(3939, 'INGRESO', '2022-12-05T19:36:14.788Z', 1, 'VENTAS'),
(3940, 'INGRESO', '2022-12-05T19:38:10.426Z', 1, 'VENTAS'),
(3941, 'INGRESO', '2022-12-05T19:43:24.984Z', 1, 'VENTAS'),
(3942, 'INGRESO', '2022-12-05T19:43:43.464Z', 1, 'VENTAS'),
(3943, 'INGRESO', '2022-12-05T19:44:33.137Z', 1, 'VENTAS'),
(3944, 'INGRESO', '2022-12-05T19:45:04.845Z', 1, 'VENTAS'),
(3945, 'INGRESO', '2022-12-05T19:47:17.004Z', 1, 'VENTAS'),
(3946, 'INGRESO', '2022-12-05T19:51:39.797Z', 1, 'VENTAS'),
(3947, 'INGRESO', '2022-12-05T19:52:23.618Z', 1, 'VENTAS'),
(3948, 'INGRESO', '2022-12-05T19:52:38.800Z', 1, 'VENTAS'),
(3949, 'SALIO', '2022-12-05T19:57:57.587Z', 1, 'VENTAS'),
(3950, 'INGRESO', '2022-12-05T20:06:33.114Z', 1, 'CATEGORIAS'),
(3951, 'SALIO', '2022-12-05T20:06:34.845Z', 1, 'CATEGORIAS'),
(3952, 'INGRESO', '2022-12-05T20:19:30.561Z', 1, 'USUARIOS'),
(3953, 'SALIO', '2022-12-05T20:19:43.239Z', 1, 'USUARIOS'),
(3954, 'INGRESO', '2022-12-05T20:19:43.318Z', 1, 'ROLES'),
(3955, 'ACTUALIZO', '2022-12-05T20:19:49.371Z', 1, 'ROLES'),
(3956, 'SALIO', '2022-12-05T20:21:54.763Z', 1, 'ROLES'),
(3957, 'INGRESO', '2022-12-05T20:25:18.894Z', 1, 'USUARIOS'),
(3958, 'SALIO', '2022-12-05T20:25:21.450Z', 1, 'USUARIOS'),
(3959, 'INGRESO', '2022-12-05T20:25:21.480Z', 1, 'ROLES'),
(3960, 'ACTUALIZO', '2022-12-05T20:25:26.531Z', 1, 'ROLES'),
(3961, 'SALIO', '2022-12-05T20:53:29.074Z', 1, 'ROLES'),
(3962, 'INGRESO', '2022-12-05T20:56:09.162Z', 1, 'PARAMETROS'),
(3963, 'SALIO', '2022-12-05T20:56:09.774Z', 1, 'PARAMETROS'),
(3964, 'INGRESO', '2022-12-05T21:00:01.853Z', 1, 'USUARIOS'),
(3965, 'INGRESO', '2022-12-05T21:03:50.307Z', 1, 'USUARIOS'),
(3966, 'INSERTO', '2022-12-05T21:04:20.989Z', 1, 'USUARIOS'),
(3967, 'SALIO', '2022-12-05T21:04:28.083Z', 1, 'USUARIOS'),
(3968, 'INGRESO', '2022-12-05T21:04:28.101Z', 1, 'ROLES'),
(3969, 'SALIO', '2022-12-05T21:04:28.458Z', 1, 'ROLES'),
(3970, 'INGRESO', '2022-12-05T21:04:28.503Z', 1, 'OBJETOS'),
(3971, 'SALIO', '2022-12-05T21:04:28.939Z', 1, 'OBJETOS'),
(3972, 'INGRESO', '2022-12-05T21:04:28.968Z', 1, 'PERMISOS'),
(3973, 'SALIO', '2022-12-05T21:04:29.404Z', 1, 'PERMISOS'),
(3974, 'INGRESO', '2022-12-05T21:04:29.439Z', 3, 'PREGUNTAS'),
(3975, 'SALIO', '2022-12-05T21:04:29.818Z', 1, 'PREGUNTAS'),
(3976, 'INGRESO', '2022-12-05T21:04:29.827Z', 1, 'BITACORA'),
(3977, 'SALIO', '2022-12-05T21:04:30.197Z', 1, 'BITACORA'),
(3978, 'INGRESO', '2022-12-05T21:04:30.224Z', 1, 'PARAMETROS'),
(3979, 'SALIO', '2022-12-05T21:04:30.782Z', 1, 'PARAMETROS'),
(3980, 'INGRESO', '2022-12-05T21:24:14.693Z', 1, 'CATEGORIAS'),
(3981, 'SALIO', '2022-12-05T21:24:14.867Z', 1, 'CATEGORIAS'),
(3982, 'INGRESO', '2022-12-05T21:24:14.899Z', 1, 'INVENTARIO'),
(3983, 'SALIO', '2022-12-05T21:24:15.924Z', 1, 'ARTICULOS'),
(3984, 'INGRESO', '2022-12-05T21:24:15.933Z', 1, 'MOVIMIENTOS'),
(3985, 'SALIO', '2022-12-05T21:24:16.548Z', 1, 'MOVIMIENTOS'),
(3986, 'INGRESO', '2022-12-05T21:24:16.558Z', 1, 'CATEGORIAS'),
(3987, 'SALIO', '2022-12-05T21:27:22.724Z', 1, 'CATEGORIAS'),
(3988, 'INGRESO', '2022-12-05T21:27:22.782Z', 1, 'ARTICULOS'),
(3989, 'SALIO', '2022-12-05T21:27:25.734Z', 1, 'ARTICULOS'),
(3990, 'INGRESO', '2022-12-05T21:27:25.754Z', 1, 'PERSONAS'),
(3991, 'SALIO', '2022-12-05T21:27:28.156Z', 1, 'PERSONAS'),
(3992, 'INGRESO', '2022-12-05T21:27:28.206Z', 1, 'CLIENTES'),
(3993, 'SALIO', '2022-12-05T21:27:47.743Z', 1, 'CLIENTES'),
(3994, 'INGRESO', '2022-12-05T21:27:47.788Z', 1, 'VENTAS'),
(3995, 'SALIO', '2022-12-05T21:27:48.990Z', 1, 'VENTAS'),
(3996, 'INGRESO', '2022-12-05T21:27:49.016Z', 1, 'TIPO CLIENTES'),
(3997, 'SALIO', '2022-12-05T21:29:26.687Z', 1, 'TIPO CLIENTES'),
(3998, 'INGRESO', '2022-12-05T21:29:26.747Z', 3, 'PROVEEDORES'),
(3999, 'SALIO', '2022-12-05T21:29:27.005Z', 1, 'PROVEEDORES'),
(4000, 'INGRESO', '2022-12-05T21:29:27.047Z', 3, 'COMPRAS'),
(4001, 'SALIO', '2022-12-05T21:29:32.328Z', 1, 'COMPRAS'),
(4002, 'INGRESO', '2022-12-05T21:29:32.339Z', 1, 'BITACORA'),
(4003, 'SALIO', '2022-12-05T21:32:07.400Z', 1, 'BITACORA'),
(4004, 'INGRESO', '2022-12-05T21:32:07.481Z', 3, 'PROVEEDORES'),
(4005, 'SALIO', '2022-12-05T21:32:07.919Z', 1, 'PROVEEDORES'),
(4006, 'INGRESO', '2022-12-05T21:32:07.937Z', 3, 'COMPRAS'),
(4007, 'SALIO', '2022-12-05T21:32:13.016Z', 1, 'COMPRAS'),
(4008, 'INGRESO', '2022-12-05T21:32:13.075Z', 1, 'VENTAS'),
(4009, 'SALIO', '2022-12-05T21:32:33.050Z', 1, 'VENTAS'),
(4010, 'INGRESO', '2022-12-05T21:32:33.065Z', 3, 'COMPRAS'),
(4011, 'INGRESO', '2022-12-05T21:34:48.090Z', 3, 'COMPRAS'),
(4012, 'INGRESO', '2022-12-05T21:35:06.993Z', 3, 'COMPRAS'),
(4013, 'INGRESO', '2022-12-05T21:37:54.852Z', 3, 'COMPRAS'),
(4014, 'INGRESO', '2022-12-05T21:38:24.338Z', 3, 'COMPRAS'),
(4015, 'INGRESO', '2022-12-05T21:38:40.304Z', 3, 'COMPRAS'),
(4016, 'INGRESO', '2022-12-05T21:38:57.273Z', 3, 'COMPRAS'),
(4017, 'INGRESO', '2022-12-05T21:39:25.239Z', 3, 'COMPRAS'),
(4018, 'INGRESO', '2022-12-05T21:39:39.349Z', 3, 'COMPRAS'),
(4019, 'INGRESO', '2022-12-05T21:39:57.698Z', 3, 'COMPRAS'),
(4020, 'INGRESO', '2022-12-05T21:40:12.910Z', 3, 'COMPRAS'),
(4021, 'INGRESO', '2022-12-05T21:40:28.679Z', 3, 'COMPRAS'),
(4022, 'INGRESO', '2022-12-05T21:40:47.083Z', 3, 'COMPRAS'),
(4023, 'INGRESO', '2022-12-05T21:40:59.303Z', 3, 'COMPRAS'),
(4024, 'INGRESO', '2022-12-05T21:44:05.213Z', 3, 'COMPRAS'),
(4025, 'INGRESO', '2022-12-05T21:44:24.768Z', 3, 'COMPRAS'),
(4026, 'INGRESO', '2022-12-05T21:44:49.834Z', 3, 'COMPRAS'),
(4027, 'SALIO', '2022-12-05T21:48:06.819Z', 1, 'COMPRAS'),
(4028, 'INGRESO', '2022-12-05T21:48:06.959Z', 1, 'CLIENTES'),
(4029, 'INGRESO', '2022-12-05T22:31:14.045Z', 1, 'CLIENTES'),
(4030, 'SALIO', '2022-12-05T22:35:09.572Z', 1, 'CLIENTES'),
(4031, 'INGRESO', '2022-12-05T22:35:09.585Z', 3, 'PROVEEDORES'),
(4032, 'SALIO', '2022-12-05T22:35:09.965Z', 1, 'PROVEEDORES'),
(4033, 'INGRESO', '2022-12-05T22:35:10.026Z', 3, 'COMPRAS'),
(4034, 'INGRESO', '2022-12-05T22:40:34.009Z', 3, 'COMPRAS'),
(4035, 'INGRESO', '2022-12-05T22:42:35.672Z', 3, 'COMPRAS'),
(4036, 'INGRESO', '2022-12-05T22:42:42.799Z', 3, 'COMPRAS'),
(4037, 'INGRESO', '2022-12-05T22:43:03.733Z', 3, 'COMPRAS'),
(4038, 'INGRESO', '2022-12-05T22:43:27.019Z', 3, 'COMPRAS'),
(4039, 'INGRESO', '2022-12-05T22:46:14.404Z', 3, 'COMPRAS'),
(4040, 'INGRESO', '2022-12-05T22:47:16.213Z', 3, 'COMPRAS'),
(4041, 'INGRESO', '2022-12-05T22:47:23.593Z', 3, 'COMPRAS'),
(4042, 'SALIO', '2022-12-05T22:48:00.844Z', 1, 'COMPRAS'),
(4043, 'INGRESO', '2022-12-05T22:48:00.869Z', 1, 'VENTAS'),
(4044, 'INGRESO', '2022-12-05T22:48:41.738Z', 1, 'VENTAS'),
(4045, 'INGRESO', '2022-12-05T22:49:41.143Z', 1, 'VENTAS'),
(4046, 'INGRESO', '2022-12-05T22:50:52.731Z', 1, 'VENTAS'),
(4047, 'SALIO', '2022-12-05T22:51:09.414Z', 1, 'VENTAS'),
(4048, 'INGRESO', '2022-12-05T22:51:09.448Z', 1, 'CLIENTES'),
(4049, 'INGRESO', '2022-12-05T22:51:49.562Z', 1, 'CLIENTES'),
(4050, 'SALIO', '2022-12-05T22:51:53.359Z', 1, 'CLIENTES'),
(4051, 'INGRESO', '2022-12-05T22:51:53.380Z', 1, 'VENTAS'),
(4052, 'SALIO', '2022-12-05T22:52:05.520Z', 1, 'VENTAS'),
(4053, 'INGRESO', '2022-12-05T22:52:05.535Z', 1, 'CLIENTES'),
(4054, 'SALIO', '2022-12-05T22:52:09.601Z', 1, 'CLIENTES'),
(4055, 'INGRESO', '2022-12-05T22:52:09.621Z', 1, 'VENTAS'),
(4056, 'SALIO', '2022-12-05T22:52:10.615Z', 1, 'VENTAS'),
(4057, 'INGRESO', '2022-12-05T22:52:10.635Z', 1, 'CLIENTES'),
(4058, 'SALIO', '2022-12-05T22:52:12.037Z', 1, 'CLIENTES'),
(4059, 'INGRESO', '2022-12-05T22:52:12.049Z', 1, 'VENTAS'),
(4060, 'INGRESO', '2022-12-05T22:53:38.676Z', 1, 'VENTAS'),
(4061, 'INGRESO', '2022-12-05T22:57:31.856Z', 1, 'VENTAS'),
(4062, 'INSERTO', '2022-12-05T22:57:48.465Z', 1, 'VENTAS'),
(4063, 'INGRESO', '2022-12-05T23:00:25.768Z', 1, 'VENTAS'),
(4064, 'INGRESO', '2022-12-05T23:11:31.258Z', 1, 'VENTAS'),
(4065, 'INGRESO', '2022-12-05T23:14:00.444Z', 1, 'VENTAS'),
(4066, 'INGRESO', '2022-12-05T23:14:28.213Z', 1, 'VENTAS'),
(4067, 'INGRESO', '2022-12-05T23:15:46.548Z', 1, 'VENTAS'),
(4068, 'INSERTO', '2022-12-05T23:16:05.478Z', 1, 'VENTAS'),
(4069, 'INGRESO', '2022-12-05T23:17:00.438Z', 1, 'VENTAS'),
(4070, 'INGRESO', '2022-12-05T23:17:24.110Z', 1, 'VENTAS'),
(4071, 'INGRESO', '2022-12-05T23:19:42.921Z', 1, 'VENTAS'),
(4072, 'INGRESO', '2022-12-05T23:21:34.697Z', 1, 'VENTAS'),
(4073, 'INGRESO', '2022-12-05T23:23:31.791Z', 1, 'VENTAS'),
(4074, 'INGRESO', '2022-12-05T23:24:30.616Z', 1, 'VENTAS'),
(4075, 'INSERTO', '2022-12-05T23:24:42.522Z', 1, 'VENTAS'),
(4076, 'INGRESO', '2022-12-05T23:27:50.866Z', 1, 'VENTAS'),
(4077, 'INGRESO', '2022-12-05T23:28:24.146Z', 1, 'VENTAS'),
(4078, 'INGRESO', '2022-12-05T23:28:55.686Z', 1, 'VENTAS'),
(4079, 'INGRESO', '2022-12-05T23:29:19.317Z', 1, 'VENTAS'),
(4080, 'INGRESO', '2022-12-05T23:29:49.256Z', 1, 'VENTAS'),
(4081, 'INGRESO', '2022-12-05T23:30:15.664Z', 1, 'VENTAS'),
(4082, 'INGRESO', '2022-12-05T23:30:35.587Z', 1, 'VENTAS'),
(4083, 'INGRESO', '2022-12-05T23:31:08.525Z', 1, 'VENTAS'),
(4084, 'INGRESO', '2022-12-05T23:31:19.637Z', 1, 'VENTAS'),
(4085, 'INGRESO', '2022-12-05T23:31:34.435Z', 1, 'VENTAS'),
(4086, 'INGRESO', '2022-12-05T23:31:52.461Z', 1, 'VENTAS'),
(4087, 'INGRESO', '2022-12-05T23:32:25.985Z', 1, 'VENTAS'),
(4088, 'SALIO', '2022-12-05T23:32:31.798Z', 1, 'VENTAS'),
(4089, 'INGRESO', '2022-12-05T23:32:31.866Z', 1, 'USUARIOS'),
(4090, 'DESCARGO PDF', '2022-12-05T23:32:33.105Z', 1, 'USUARIOS');

-- --------------------------------------------------------

--
-- Estructura de tabla para la tabla `tbl_cat_articulos`
--

CREATE TABLE `tbl_cat_articulos` (
  `COD_CATEGORIA` int(11) NOT NULL,
  `NOM_CATEGORIA` varchar(45) NOT NULL,
  `DESCRIPCION` varchar(200) NOT NULL,
  `FEC_REGISTRO` datetime DEFAULT NULL,
  `ULT_REGISTRO` datetime DEFAULT NULL
) ENGINE=InnoDB DEFAULT CHARSET=utf8mb4;

--
-- Volcado de datos para la tabla `tbl_cat_articulos`
--

INSERT INTO `tbl_cat_articulos` (`COD_CATEGORIA`, `NOM_CATEGORIA`, `DESCRIPCION`, `FEC_REGISTRO`, `ULT_REGISTRO`) VALUES
(3, 'ROPA DE DAMA', 'ROPA', '2022-11-05 14:59:25', NULL);

-- --------------------------------------------------------

--
-- Estructura de tabla para la tabla `tbl_clientes`
--

CREATE TABLE `tbl_clientes` (
  `COD_CLIENTE` int(11) NOT NULL,
  `COD_PERSONA` int(11) NOT NULL,
  `COD_TIPO_CLIENTE` int(11) DEFAULT NULL,
  `FEC_REGISTRO` datetime DEFAULT NULL,
  `ULT_MODIFICACION` datetime DEFAULT NULL
) ENGINE=InnoDB DEFAULT CHARSET=utf8mb4;

--
-- Volcado de datos para la tabla `tbl_clientes`
--

INSERT INTO `tbl_clientes` (`COD_CLIENTE`, `COD_PERSONA`, `COD_TIPO_CLIENTE`, `FEC_REGISTRO`, `ULT_MODIFICACION`) VALUES
(3, 11, NULL, '2022-11-30 17:33:01', '2022-11-30 17:33:01'),
(4, 1, NULL, '2022-11-30 17:33:13', '2022-11-30 17:33:13'),
(6, 10, NULL, '2022-11-30 17:38:17', '2022-11-30 17:38:17'),
(7, 10, NULL, '2022-11-30 17:40:12', '2022-11-30 17:40:12'),
(8, 10, NULL, '2022-11-30 17:40:56', '2022-11-30 17:40:56'),
(9, 10, NULL, '2022-11-30 17:42:22', '2022-11-30 17:42:22'),
(10, 10, NULL, '2022-11-30 17:44:00', '2022-11-30 17:44:00'),
(11, 11, 1, '2022-11-30 17:45:14', '2022-11-30 17:45:14');

-- --------------------------------------------------------

--
-- Estructura de tabla para la tabla `tbl_compras`
--

CREATE TABLE `tbl_compras` (
  `COD_COMPRA` int(11) NOT NULL,
  `COD_PROVEEDOR` int(11) NOT NULL,
  `NUM_FACTURA` int(11) DEFAULT NULL,
  `FECHA` date NOT NULL,
  `COD_MET_PAGO` int(11) DEFAULT NULL,
  `TOT_COMPRA` int(11) DEFAULT NULL,
  `FEC_REGISTRO` datetime DEFAULT NULL,
  `ULT_MODIFICACION` datetime DEFAULT NULL
) ENGINE=InnoDB DEFAULT CHARSET=utf8mb4;

--
-- Volcado de datos para la tabla `tbl_compras`
--

INSERT INTO `tbl_compras` (`COD_COMPRA`, `COD_PROVEEDOR`, `NUM_FACTURA`, `FECHA`, `COD_MET_PAGO`, `TOT_COMPRA`, `FEC_REGISTRO`, `ULT_MODIFICACION`) VALUES
(21, 3, NULL, '2022-11-16', NULL, 2688, NULL, NULL),
(22, 3, NULL, '2022-11-16', NULL, 1344, NULL, NULL),
(23, 3, NULL, '2022-11-25', NULL, 296, NULL, NULL),
(25, 3, NULL, '2022-12-01', NULL, 4480, NULL, NULL),
(26, 3, NULL, '2022-12-01', NULL, 161, NULL, NULL),
(27, 4, NULL, '2022-12-01', NULL, 11200, NULL, NULL),
(28, 3, NULL, '2022-12-02', NULL, 163, NULL, NULL),
(35, 3, NULL, '2022-12-04', NULL, 163, NULL, NULL),
(36, 3, NULL, '2022-12-04', NULL, 325, NULL, NULL),
(37, 3, NULL, '2022-12-04', NULL, 163, NULL, NULL);

-- --------------------------------------------------------

--
-- Estructura de tabla para la tabla `tbl_detalles_compra`
--

CREATE TABLE `tbl_detalles_compra` (
  `COD_DETALLE_COMPRA` int(11) NOT NULL,
  `COD_COMPRA` int(11) DEFAULT NULL,
  `COD_ARTICULO` int(11) DEFAULT NULL,
  `CANTIDAD` int(11) DEFAULT NULL,
  `PREC_COMPRA` decimal(10,0) DEFAULT NULL,
  `TOTAL` decimal(10,0) DEFAULT NULL,
  `FEC_REGISTRO` varchar(100) DEFAULT NULL
) ENGINE=InnoDB DEFAULT CHARSET=utf8mb4;

--
-- Volcado de datos para la tabla `tbl_detalles_compra`
--

INSERT INTO `tbl_detalles_compra` (`COD_DETALLE_COMPRA`, `COD_COMPRA`, `COD_ARTICULO`, `CANTIDAD`, `PREC_COMPRA`, `TOTAL`, `FEC_REGISTRO`) VALUES
(23, 21, 1, 100, '12', '1344', '2022-11-16 17:39:32'),
(24, 21, 2, 100, '12', '1344', '2022-11-16 17:39:32'),
(25, 22, 1, 100, '12', '1344', '2022-11-16 17:39:58'),
(26, 23, 1, 22, '12', '296', '2022-11-25 17:27:15'),
(27, 25, 4, 20, '200', '4480', '2022-12-01 15:49:31'),
(28, 26, 1, 12, '12', '161', '2022-12-01 15:53:49'),
(29, 27, 3, 100, '100', '11200', '2022-12-01 15:54:39'),
(30, 28, 1, 12, '12', '163', '2022-12-02 14:15:41'),
(36, 35, 1, 12, '12', '163', '2022-12-04 22:20:09'),
(37, 36, 3, 12, '12', '163', '2022-12-04 22:24:49'),
(38, 36, 1, 12, '12', '163', '2022-12-04 22:24:49'),
(39, 37, 3, 12, '12', '163', '2022-12-04 22:26:44');

-- --------------------------------------------------------

--
-- Estructura de tabla para la tabla `tbl_detalles_venta`
--

CREATE TABLE `tbl_detalles_venta` (
  `COD_DETALLE_VENTA` int(11) NOT NULL,
  `COD_VENTA` int(11) NOT NULL,
  `COD_ARTICULO` int(11) NOT NULL,
  `CANTIDAD` int(11) NOT NULL,
  `PREC_VENTA` decimal(10,0) NOT NULL,
  `TOTAL` decimal(10,2) NOT NULL,
  `DESCUENTO` decimal(10,0) NOT NULL,
  `FEC_REGISTRO` datetime NOT NULL,
  `ULT_MODIFICACION` datetime NOT NULL
) ENGINE=InnoDB DEFAULT CHARSET=utf8mb4;

--
-- Volcado de datos para la tabla `tbl_detalles_venta`
--

INSERT INTO `tbl_detalles_venta` (`COD_DETALLE_VENTA`, `COD_VENTA`, `COD_ARTICULO`, `CANTIDAD`, `PREC_VENTA`, `TOTAL`, `DESCUENTO`, `FEC_REGISTRO`, `ULT_MODIFICACION`) VALUES
(15, 11, 1, 10, '12', '134.40', '0', '2022-11-16 17:42:27', '2022-11-16 17:42:27'),
(16, 12, 1, 10, '12', '134.40', '0', '2022-11-16 17:43:37', '2022-11-16 17:43:37'),
(17, 12, 2, 10, '12', '134.40', '0', '2022-11-16 17:43:37', '2022-11-16 17:43:37'),
(18, 13, 2, 23, '12', '309.12', '0', '2022-11-28 06:24:05', '2022-11-28 06:24:05'),
(19, 14, 2, 60, '12', '806.40', '0', '2022-11-28 14:21:19', '2022-11-28 14:21:19'),
(20, 15, 1, 23, '2', '51.52', '0', '2022-12-01 13:50:49', '2022-12-01 13:50:49'),
(21, 16, 1, 2, '2', '4.48', '0', '2022-12-01 14:51:27', '2022-12-01 14:51:27'),
(22, 17, 1, 2, '2', '4.48', '0', '2022-12-01 15:26:53', '2022-12-01 15:26:53'),
(23, 18, 1, 2, '2', '4.48', '0', '2022-12-02 13:47:05', '2022-12-02 13:47:05'),
(24, 19, 1, 12, '2', '27.60', '0', '2022-12-02 14:18:18', '2022-12-02 14:18:18'),
(31, 26, 1, 12, '2', '27.60', '0', '2022-12-02 14:33:30', '2022-12-02 14:33:30'),
(34, 29, 1, 23, '2', '55.20', '0', '2022-12-02 16:06:30', '2022-12-02 16:06:30'),
(35, 29, 2, 2, '20', '48.00', '0', '2022-12-02 16:06:30', '2022-12-02 16:06:30'),
(38, 31, 1, 2, '2', '4.60', '0', '2022-12-05 16:57:48', '2022-12-05 16:57:48'),
(39, 32, 1, 12, '2', '27.60', '0', '2022-12-05 17:16:05', '2022-12-05 17:16:05'),
(40, 36, 2, 12, '20', '276.00', '0', '2022-12-05 17:24:42', '2022-12-05 17:24:42');

-- --------------------------------------------------------

--
-- Estructura de tabla para la tabla `tbl_inventario`
--

CREATE TABLE `tbl_inventario` (
  `CODINVENTARIO` int(11) NOT NULL,
  `COD_ARTICULO` int(11) NOT NULL,
  `DESCRIPCIONPRODUCTO` varchar(50) DEFAULT NULL,
  `EXISTENCIA` decimal(10,0) NOT NULL,
  `ESTADO` int(11) NOT NULL
) ENGINE=InnoDB DEFAULT CHARSET=utf8mb4;

--
-- Volcado de datos para la tabla `tbl_inventario`
--

INSERT INTO `tbl_inventario` (`CODINVENTARIO`, `COD_ARTICULO`, `DESCRIPCIONPRODUCTO`, `EXISTENCIA`, `ESTADO`) VALUES
(4, 1, 'Mercancia', '152', 0),
(5, 2, 'Mercancia', '5', 0),
(6, 4, 'Mercancia', '20', 0),
(7, 3, 'Mercancia', '122', 0);

-- --------------------------------------------------------

--
-- Estructura de tabla para la tabla `tbl_metodo_pago`
--

CREATE TABLE `tbl_metodo_pago` (
  `COD_MET_PAGO` int(11) NOT NULL,
  `NOMBRE` varchar(45) CHARACTER SET utf8 COLLATE utf8_unicode_ci NOT NULL,
  `FEC_REGISTRO` datetime NOT NULL,
  `ULT_MODIFICACION` datetime NOT NULL
) ENGINE=InnoDB DEFAULT CHARSET=utf8mb4;

-- --------------------------------------------------------

--
-- Estructura de tabla para la tabla `tbl_movimientos`
--

CREATE TABLE `tbl_movimientos` (
  `COD_MOVIMIENTO` int(11) NOT NULL,
  `DESCRIPCION` varchar(100) DEFAULT NULL,
  `CANTIDAD` varchar(100) DEFAULT NULL,
  `COD_ARTICULO` int(11) DEFAULT NULL,
  `Fecha` varchar(100) DEFAULT NULL,
  `usuario` varchar(100) DEFAULT NULL
) ENGINE=InnoDB DEFAULT CHARSET=utf8mb4;

--
-- Volcado de datos para la tabla `tbl_movimientos`
--

INSERT INTO `tbl_movimientos` (`COD_MOVIMIENTO`, `DESCRIPCION`, `CANTIDAD`, `COD_ARTICULO`, `Fecha`, `usuario`) VALUES
(1, 'ENTRADA', '22', 1, NULL, NULL),
(2, 'SALIDA', '23', 2, NULL, NULL),
(3, 'SALIDA', '60', 2, NULL, NULL),
(4, 'SALIDA', '23', 1, '2022-12-01 13:50:49', NULL),
(5, 'SALIDA', '2', 1, '2022-12-01 15:26:53', '1'),
(6, 'ENTRADA', '20', 4, '2022-12-01 15:49:31', '1'),
(7, 'ENTRADA', '12', 1, '2022-12-01 15:53:49', '1'),
(8, 'ENTRADA', '100', 3, '2022-12-01 15:54:39', '1'),
(9, 'SALIDA', '2', 1, '2022-12-02 13:47:05', '1'),
(10, 'ENTRADA', '12', 1, '2022-12-02 14:15:41', '1'),
(11, 'ENTRADA', '12', 1, '2022-12-02 14:16:59', '1'),
(12, 'ENTRADA', '12', 1, '2022-12-02 14:18:04', '1'),
(13, 'SALIDA', '12', 1, '2022-12-02 14:18:18', '1'),
(14, 'SALIDA', '12', 1, '2022-12-02 14:24:18', '1'),
(15, 'SALIDA', '2', 1, '2022-12-02 14:28:16', '1'),
(16, 'SALIDA', '2', 1, '2022-12-02 14:29:45', '1'),
(17, 'SALIDA', '2', 1, '2022-12-02 14:30:33', '1'),
(18, 'SALIDA', '2', 1, '2022-12-02 14:32:06', '1'),
(19, 'SALIDA', '12', 1, '2022-12-02 14:32:35', '1'),
(20, 'SALIDA', '12', 1, '2022-12-02 14:33:30', '1'),
(21, 'SALIDA', '2', 1, '2022-12-02 14:34:02', '1'),
(22, 'SALIDA', '20', 1, '2022-12-02 14:38:16', '1'),
(23, 'ENTRADA', '12', 1, '2022-12-02 15:44:24', '1'),
(24, 'SALIDA', '23', 1, '2022-12-02 16:06:30', '1'),
(25, 'SALIDA', '2', 2, '2022-12-02 16:06:30', '1'),
(26, 'ENTRADA', '12', 1, '2022-12-04 21:43:38', '1'),
(27, 'ENTRADA', '12', 2, '2022-12-04 21:58:59', '1'),
(28, 'SALIDA', '2', 1, '2022-12-04 22:02:46', '1'),
(29, 'SALIDA', '2', 3, '2022-12-04 22:02:46', '1'),
(30, 'ENTRADA', '12', 1, '2022-12-04 22:20:09', '1'),
(31, 'ENTRADA', '12', 3, '2022-12-04 22:24:49', '1'),
(32, 'ENTRADA', '12', 1, '2022-12-04 22:24:49', '1'),
(33, 'ENTRADA', '12', 3, '2022-12-04 22:26:44', '1'),
(34, 'SALIDA', '2', 1, '2022-12-05 16:57:48', '1'),
(35, 'SALIDA', '12', 1, '2022-12-05 17:16:05', '1'),
(36, 'SALIDA', '12', 2, '2022-12-05 17:24:42', '1');

-- --------------------------------------------------------

--
-- Estructura de tabla para la tabla `tbl_objetos`
--

CREATE TABLE `tbl_objetos` (
  `COD_OBJETO` int(11) NOT NULL,
  `OBJETO` varchar(50) NOT NULL,
  `ICONO` varchar(100) DEFAULT NULL,
  `URL` varchar(100) DEFAULT NULL,
  `ID_PADRE` int(11) DEFAULT NULL
) ENGINE=InnoDB DEFAULT CHARSET=utf8mb4;

--
-- Volcado de datos para la tabla `tbl_objetos`
--

INSERT INTO `tbl_objetos` (`COD_OBJETO`, `OBJETO`, `ICONO`, `URL`, `ID_PADRE`) VALUES
(1, 'SEGURIDAD', 'lock', NULL, 0),
(2, 'Usuarios', '', 'seguridad/usuarios', 1),
(3, 'Roles', '', 'seguridad/roles', 1),
(4, 'Objetos', '', 'seguridad/objetos', 1),
(5, 'Permisos', '', 'seguridad/permisos', 1),
(6, 'Preguntas', '', 'seguridad/preguntas', 1),
(7, 'Bitacora', '', 'seguridad/bitacora', 1),
(8, 'PERSONAS', 'person', NULL, 0),
(9, 'Personas', NULL, 'personas/personas', 8),
(10, 'Parametros', NULL, 'seguridad/parametros', 1),
(11, 'Clientes', NULL, 'ventas/clientes', 16),
(12, 'Proveedores', NULL, 'compras/proveedores', 17),
(13, 'INVENTARIO', 'shop', NULL, 0),
(14, 'Categoria articulos', NULL, 'inventario/categorias', 13),
(15, 'Articulos', NULL, 'inventario/articulos', 13),
(16, 'VENTAS', 'shopping_cart', NULL, 0),
(17, 'COMPRAS', 'shopping_cart', NULL, 0),
(18, 'Ventas', '', 'ventas/ventas', 16),
(19, 'Compras', '', 'compras/compras', 17),
(20, 'Tipo clientes', NULL, 'ventas/tipoclientes', 16),
(21, 'Inventario', NULL, 'inventario/inventario', 13),
(22, 'Movimientos', NULL, 'inventario/movimientos', 13),
(23, 'Backup-Restore', NULL, 'seguridad/backup', 1);

-- --------------------------------------------------------

--
-- Estructura de tabla para la tabla `tbl_parametros`
--

CREATE TABLE `tbl_parametros` (
  `ID_PARAMETRO` int(11) NOT NULL,
  `PARAMETRO` varchar(50) NOT NULL,
  `VALOR` varchar(50) NOT NULL,
  `FEC_CREACION` date DEFAULT NULL,
  `FEC_MODIFICACION` date DEFAULT NULL,
  `ID_USUARIO` int(11) DEFAULT NULL
) ENGINE=InnoDB DEFAULT CHARSET=utf8mb4;

--
-- Volcado de datos para la tabla `tbl_parametros`
--

INSERT INTO `tbl_parametros` (`ID_PARAMETRO`, `PARAMETRO`, `VALOR`, `FEC_CREACION`, `FEC_MODIFICACION`, `ID_USUARIO`) VALUES
(1, 'ADMIN_INTENTOS', '2', '2022-10-10', '2022-10-10', 1),
(2, 'SYS_NOMBRE', 'Reysman', '2022-10-10', '2022-10-10', 1),
(3, 'ADMIN_PREGUNTAS_RECU', '2', '2022-10-10', '2022-10-10', 1),
(4, 'ADMIN_VIGENCIA_USUARIO_DIAS', '3', '2022-10-10', '2022-10-10', 1),
(6, 'IMPUESTO VENTA', '0.15', NULL, NULL, NULL),
(7, 'IMPUESTO COMPRA', '0.13', NULL, NULL, NULL);

-- --------------------------------------------------------

--
-- Estructura de tabla para la tabla `tbl_permisos`
--

CREATE TABLE `tbl_permisos` (
  `COD_PERMISO` int(11) NOT NULL,
  `COD_ROL` int(11) DEFAULT NULL,
  `COD_OBJETO` int(11) DEFAULT NULL,
  `INSERTAR` enum('SI','NO') DEFAULT NULL,
  `ACTUALIZAR` enum('SI','NO') DEFAULT NULL,
  `CONSULTAR` enum('SI','NO') DEFAULT NULL,
  `ELIMINAR` enum('SI','NO') DEFAULT NULL
) ENGINE=InnoDB DEFAULT CHARSET=utf8mb4;

--
-- Volcado de datos para la tabla `tbl_permisos`
--

INSERT INTO `tbl_permisos` (`COD_PERMISO`, `COD_ROL`, `COD_OBJETO`, `INSERTAR`, `ACTUALIZAR`, `CONSULTAR`, `ELIMINAR`) VALUES
(1, 1, 1, 'SI', 'SI', 'SI', 'SI'),
(2, 1, 2, 'SI', 'SI', 'SI', 'SI'),
(3, 1, 3, 'SI', 'SI', 'SI', 'SI'),
(4, 1, 4, 'SI', 'SI', 'SI', 'SI'),
(5, 1, 5, 'SI', 'SI', 'SI', 'SI'),
(6, 1, 6, 'SI', 'SI', 'SI', 'SI'),
(7, 1, 7, 'SI', 'SI', 'SI', 'SI'),
(8, 1, 8, 'SI', 'SI', 'SI', 'SI'),
(9, 1, 9, 'SI', 'SI', 'SI', 'SI'),
(10, 1, 10, 'SI', 'SI', 'SI', 'SI'),
(11, 1, 11, 'SI', 'SI', 'SI', 'SI'),
(12, 1, 12, 'SI', 'SI', 'SI', 'SI'),
(13, 1, 13, 'SI', 'SI', 'SI', 'SI'),
(14, 1, 14, 'SI', 'SI', 'SI', 'SI'),
(15, 1, 15, 'SI', 'SI', 'SI', 'SI'),
(16, 1, 16, 'SI', 'SI', 'SI', 'SI'),
(17, 1, 17, 'SI', 'SI', 'SI', 'SI'),
(18, 1, 18, 'SI', 'SI', 'SI', 'SI'),
(19, 1, 19, 'SI', 'SI', 'SI', 'SI'),
(20, 1, 20, 'SI', 'SI', 'SI', 'SI'),
(21, 2, 1, 'NO', 'NO', 'NO', 'NO'),
(22, 2, 2, 'SI', 'SI', 'SI', 'SI'),
(23, 1, 21, 'SI', 'SI', 'SI', 'SI'),
(24, 1, 22, 'SI', 'SI', 'SI', 'SI'),
(25, 1, 23, 'SI', 'SI', 'SI', 'SI');

-- --------------------------------------------------------

--
-- Estructura de tabla para la tabla `tbl_personas`
--

CREATE TABLE `tbl_personas` (
  `COD_PERSONA` int(11) NOT NULL,
  `PRIMER_NOMBRE` varchar(45) DEFAULT NULL,
  `SEGUNDO_NOMBRE` varchar(45) DEFAULT NULL,
  `PRIMER_APELLIDO` varchar(45) DEFAULT NULL,
  `SEGUNDO_APELLIDO` varchar(45) DEFAULT NULL,
  `DNI` varchar(50) DEFAULT NULL,
  `FEC_NACIMIENTO` varchar(50) DEFAULT NULL,
  `EST_CIVIL` varchar(50) DEFAULT NULL,
  `SEXO` varchar(50) DEFAULT NULL,
  `PERFIL` varchar(45) DEFAULT NULL,
  `TELEFONO` varchar(100) DEFAULT NULL,
  `DIREECION` varchar(100) DEFAULT NULL,
  `FEC_REGISTRO` datetime DEFAULT NULL,
  `ULT_MODIFICACION` datetime DEFAULT NULL
) ENGINE=InnoDB DEFAULT CHARSET=utf8mb4;

--
-- Volcado de datos para la tabla `tbl_personas`
--

INSERT INTO `tbl_personas` (`COD_PERSONA`, `PRIMER_NOMBRE`, `SEGUNDO_NOMBRE`, `PRIMER_APELLIDO`, `SEGUNDO_APELLIDO`, `DNI`, `FEC_NACIMIENTO`, `EST_CIVIL`, `SEXO`, `PERFIL`, `TELEFONO`, `DIREECION`, `FEC_REGISTRO`, `ULT_MODIFICACION`) VALUES
(1, 'ADMIN', 'ADMIN', 'ADMIN', 'ADMIN', '', NULL, NULL, NULL, NULL, NULL, NULL, NULL, NULL),
(10, 'PEDRO', '', 'ROMERO', '', '0811020202030', '2022-11-16T06:00:00.000Z', 'SOLTERO', 'MASCULINO', NULL, '32434242', 'LA VEGA', NULL, NULL),
(11, 'DIEGO', '', 'PEREZ', '', '0833000003333', '2022-11-16T06:00:00.000Z', 'SOLTERO', 'MASCULINO', NULL, '77686868', 'RIVERA', NULL, NULL);

-- --------------------------------------------------------

--
-- Estructura de tabla para la tabla `tbl_preguntas`
--

CREATE TABLE `tbl_preguntas` (
  `COD_PREGUNTA` int(11) NOT NULL,
  `PREGUNTA` varchar(100) DEFAULT NULL,
  `CREADO_POR` varchar(45) DEFAULT NULL,
  `MODIFICADO_POR` varchar(45) DEFAULT NULL,
  `FEC_REGISTRO` date DEFAULT NULL,
  `ULT_MODIFICACION` date DEFAULT NULL,
  `ESTADO` int(11) DEFAULT NULL
) ENGINE=InnoDB DEFAULT CHARSET=utf8mb4;

--
-- Volcado de datos para la tabla `tbl_preguntas`
--

INSERT INTO `tbl_preguntas` (`COD_PREGUNTA`, `PREGUNTA`, `CREADO_POR`, `MODIFICADO_POR`, `FEC_REGISTRO`, `ULT_MODIFICACION`, `ESTADO`) VALUES
(1, 'Nombre de tu perro fav?', NULL, NULL, NULL, NULL, 1),
(2, 'Mi primer trabajo?', NULL, NULL, NULL, NULL, 1),
(3, 'Donde estudio?', NULL, NULL, NULL, NULL, 1),
(4, 'Lugar favorito?', NULL, NULL, NULL, NULL, 1),
(5, 'Mi fecha de cumpleaños?', NULL, NULL, NULL, NULL, 1);

-- --------------------------------------------------------

--
-- Estructura de tabla para la tabla `tbl_pregunta_usuario`
--

CREATE TABLE `tbl_pregunta_usuario` (
  `COD_PREGUNTA_USUARIO` int(11) NOT NULL,
  `COD_PREGUNTA` int(11) NOT NULL,
  `COD_USUARIO` int(11) NOT NULL,
  `RESPUESTA` varchar(250) NOT NULL,
  `FEC_REGISTRO` datetime DEFAULT NULL,
  `ULT_MODIFICACION` datetime NOT NULL
) ENGINE=InnoDB DEFAULT CHARSET=utf8mb4;

--
-- Volcado de datos para la tabla `tbl_pregunta_usuario`
--

INSERT INTO `tbl_pregunta_usuario` (`COD_PREGUNTA_USUARIO`, `COD_PREGUNTA`, `COD_USUARIO`, `RESPUESTA`, `FEC_REGISTRO`, `ULT_MODIFICACION`) VALUES
(45, 1, 1, 'ewre', '2022-11-28 06:35:50', '2022-11-28 06:35:50'),
(46, 2, 1, 'ewre', '2022-11-28 06:36:14', '2022-11-28 06:36:14');

-- --------------------------------------------------------

--
-- Estructura de tabla para la tabla `tbl_proveedores`
--

CREATE TABLE `tbl_proveedores` (
  `COD_PROVEEDOR` int(11) NOT NULL,
  `COD_PERSONA` int(11) NOT NULL,
  `NOMBRE_PROVEEDOR` varchar(45) DEFAULT NULL,
  `NOMBRE_CONTACTO` varchar(45) DEFAULT NULL,
  `FEC_REGISTRO` datetime DEFAULT NULL,
  `ULT_MODIFICACION` datetime DEFAULT NULL
) ENGINE=InnoDB DEFAULT CHARSET=utf8mb4;

--
-- Volcado de datos para la tabla `tbl_proveedores`
--

INSERT INTO `tbl_proveedores` (`COD_PROVEEDOR`, `COD_PERSONA`, `NOMBRE_PROVEEDOR`, `NOMBRE_CONTACTO`, `FEC_REGISTRO`, `ULT_MODIFICACION`) VALUES
(3, 10, 'PEDRO', 'SALVADOR', NULL, NULL),
(4, 11, 'DIEGO', 'D', NULL, NULL),
(5, 10, 'JONATHAN GJEVARA', 'HOLA MUNDO', NULL, NULL);

-- --------------------------------------------------------

--
-- Estructura de tabla para la tabla `tbl_roles`
--

CREATE TABLE `tbl_roles` (
  `COD_ROL` int(11) NOT NULL,
  `NOMBRE_ROL` varchar(50) DEFAULT NULL,
  `FEC_REGISTRO` datetime DEFAULT NULL,
  `ULT_MODIFICACION` datetime DEFAULT NULL
) ENGINE=InnoDB DEFAULT CHARSET=utf8mb4;

--
-- Volcado de datos para la tabla `tbl_roles`
--

INSERT INTO `tbl_roles` (`COD_ROL`, `NOMBRE_ROL`, `FEC_REGISTRO`, `ULT_MODIFICACION`) VALUES
(1, 'ADMINISTRADOR', '2022-10-18 00:00:00', '2022-10-24 12:30:31'),
(2, 'Gerente', '2022-10-18 16:53:01', '2022-10-18 17:32:34'),
(4, 'PRUEA', '2022-11-27 11:17:10', '2022-12-05 14:25:26');

-- --------------------------------------------------------

--
-- Estructura de tabla para la tabla `tbl_tipo_clientes`
--

CREATE TABLE `tbl_tipo_clientes` (
  `COD_TIPO_CLIENTE` int(11) NOT NULL,
  `TIPO_CLIENTE` varchar(200) DEFAULT NULL,
  `REBAJA` int(11) DEFAULT NULL
) ENGINE=InnoDB DEFAULT CHARSET=utf8mb4;

--
-- Volcado de datos para la tabla `tbl_tipo_clientes`
--

INSERT INTO `tbl_tipo_clientes` (`COD_TIPO_CLIENTE`, `TIPO_CLIENTE`, `REBAJA`) VALUES
(1, 'Individual', 0),
(3, 'Empresa', 0);

-- --------------------------------------------------------

--
-- Estructura de tabla para la tabla `tbl_usuarios`
--

CREATE TABLE `tbl_usuarios` (
  `COD_USUARIO` int(11) NOT NULL,
  `COD_PERSONA` int(11) DEFAULT NULL,
  `COD_ROL` int(11) DEFAULT NULL,
  `USUARIO` varchar(50) DEFAULT NULL,
  `EMAIL` varchar(100) DEFAULT NULL,
  `CONTRASEÑA` varchar(50) DEFAULT NULL,
  `IMG` blob DEFAULT NULL,
  `FEC_REGISTRO` datetime DEFAULT NULL,
  `ULT_MODIFICACION` datetime DEFAULT NULL,
  `ESTADO` varchar(10) DEFAULT NULL,
  `PRIMER_VEZ` int(11) DEFAULT NULL,
  `INTENTOS` int(11) DEFAULT NULL,
  `FEC_VENCIMIENTO` date DEFAULT NULL
) ENGINE=InnoDB DEFAULT CHARSET=utf8mb4;

--
-- Volcado de datos para la tabla `tbl_usuarios`
--

INSERT INTO `tbl_usuarios` (`COD_USUARIO`, `COD_PERSONA`, `COD_ROL`, `USUARIO`, `EMAIL`, `CONTRASEÑA`, `IMG`, `FEC_REGISTRO`, `ULT_MODIFICACION`, `ESTADO`, `PRIMER_VEZ`, `INTENTOS`, `FEC_VENCIMIENTO`) VALUES
(1, 1, 1, 'ADMINISTRADOR', 'KHKJ@GMAIL.COM', 'Hola1234@', NULL, '2022-11-16 06:22:28', '2022-11-16 06:22:28', 'Activo', 0, 2, NULL),
(11, 10, 1, 'PRUEBA', 'paulacevedo175@gmail.com', 'Hola1234@', NULL, '2022-12-03 10:37:05', '2022-12-03 10:37:05', 'Nuevo', NULL, NULL, NULL),
(12, 11, 1, 'PEPEPe', 'paulacevedod175@gmail.com', 'Hola1234@', NULL, '2022-12-03 10:39:16', '2022-12-03 10:39:16', 'Nuevo', NULL, NULL, NULL);

-- --------------------------------------------------------

--
-- Estructura de tabla para la tabla `tbl_ventas`
--

CREATE TABLE `tbl_ventas` (
  `COD_VENTA` int(11) NOT NULL,
  `COD_CLIENTE` int(11) NOT NULL,
  `FECHA` date NOT NULL,
  `NUM_FACTURA` int(11) NOT NULL,
  `SUB_TOTAL` decimal(10,2) NOT NULL,
  `IMPUESTO` double NOT NULL,
  `TOT_PAGAR` decimal(10,2) NOT NULL,
  `COD_MET_PAGO` int(11) DEFAULT NULL,
  `FEC_REGISTRO` datetime NOT NULL,
  `ULT_MODIFICACION` datetime NOT NULL
) ENGINE=InnoDB DEFAULT CHARSET=utf8mb4;

--
-- Volcado de datos para la tabla `tbl_ventas`
--

INSERT INTO `tbl_ventas` (`COD_VENTA`, `COD_CLIENTE`, `FECHA`, `NUM_FACTURA`, `SUB_TOTAL`, `IMPUESTO`, `TOT_PAGAR`, `COD_MET_PAGO`, `FEC_REGISTRO`, `ULT_MODIFICACION`) VALUES
(11, 3, '2022-11-16', 11, '120.00', 12, '134.40', NULL, '2022-11-16 17:42:27', '2022-11-16 17:42:27'),
(12, 3, '2022-11-16', 11, '240.00', 12, '268.80', NULL, '2022-11-16 17:43:37', '2022-11-16 17:43:37'),
(13, 3, '2022-11-28', 11, '276.00', 12, '309.12', NULL, '2022-11-28 06:24:05', '2022-11-28 06:24:05'),
(14, 3, '2022-11-28', 11, '720.00', 12, '806.40', NULL, '2022-11-28 14:21:19', '2022-11-28 14:21:19'),
(15, 11, '2022-12-01', 11, '46.00', 12, '51.52', NULL, '2022-12-01 13:50:49', '2022-12-01 13:50:49'),
(16, 11, '2022-12-01', 11, '4.00', 12, '4.48', NULL, '2022-12-01 14:51:27', '2022-12-01 14:51:27'),
(17, 11, '2022-12-01', 11, '4.00', 12, '4.48', NULL, '2022-12-01 15:26:53', '2022-12-01 15:26:53'),
(18, 11, '2022-12-02', 11, '4.00', 12, '4.48', NULL, '2022-12-02 13:47:05', '2022-12-02 13:47:05'),
(19, 11, '2022-12-02', 11, '24.00', 12, '27.60', NULL, '2022-12-02 14:18:18', '2022-12-02 14:18:18'),
(26, 11, '2022-12-02', 11, '24.00', 0.12, '27.60', NULL, '2022-12-02 14:33:30', '2022-12-02 14:33:30'),
(29, 11, '2022-12-02', 11, '132.00', 0.2, '103.20', NULL, '2022-12-02 16:06:30', '2022-12-02 16:06:30'),
(31, 11, '2022-12-05', 11, '28.00', 0.15, '4.60', NULL, '2022-12-05 16:57:48', '2022-12-05 16:57:48'),
(32, 11, '2022-12-05', 11, '24.00', 0.15, '27.60', NULL, '2022-12-05 17:16:05', '2022-12-05 17:16:05'),
(33, 11, '2022-12-05', 11, '948.00', 0.15, '1090.20', NULL, '2022-12-05 17:21:59', '2022-12-05 17:21:59'),
(34, 11, '2022-12-05', 11, '24.00', 0.15, '27.60', NULL, '2022-12-05 17:23:12', '2022-12-05 17:23:12'),
(35, 11, '2022-12-05', 11, '2.00', 0.15, '2.30', NULL, '2022-12-05 17:23:47', '2022-12-05 17:23:47'),
(36, 11, '2022-12-05', 11, '240.00', 0.15, '276.00', NULL, '2022-12-05 17:24:42', '2022-12-05 17:24:42');

--
-- Índices para tablas volcadas
--

--
-- Indices de la tabla `tbl_articulos`
--
ALTER TABLE `tbl_articulos`
  ADD PRIMARY KEY (`COD_ARTICULO`),
  ADD KEY `COD_CATEGORIA_idx` (`COD_CATEGORIA`);

--
-- Indices de la tabla `tbl_backup`
--
ALTER TABLE `tbl_backup`
  ADD PRIMARY KEY (`COD_BACKUP`);

--
-- Indices de la tabla `tbl_bitacora`
--
ALTER TABLE `tbl_bitacora`
  ADD PRIMARY KEY (`COD_BITACORA`);

--
-- Indices de la tabla `tbl_cat_articulos`
--
ALTER TABLE `tbl_cat_articulos`
  ADD PRIMARY KEY (`COD_CATEGORIA`);

--
-- Indices de la tabla `tbl_clientes`
--
ALTER TABLE `tbl_clientes`
  ADD PRIMARY KEY (`COD_CLIENTE`),
  ADD KEY `FK_TB_Clientes_TB_PERSONAS_idx` (`COD_PERSONA`),
  ADD KEY `tbl_clientes_FK` (`COD_TIPO_CLIENTE`);

--
-- Indices de la tabla `tbl_compras`
--
ALTER TABLE `tbl_compras`
  ADD PRIMARY KEY (`COD_COMPRA`),
  ADD KEY `FK_COMPR_PROVEEDOR_idx` (`COD_PROVEEDOR`),
  ADD KEY `FK_METODO_PAGO_idx` (`COD_MET_PAGO`);

--
-- Indices de la tabla `tbl_detalles_compra`
--
ALTER TABLE `tbl_detalles_compra`
  ADD PRIMARY KEY (`COD_DETALLE_COMPRA`),
  ADD KEY `TBL_DETALLES_COMPRA_FK` (`COD_ARTICULO`),
  ADD KEY `TBL_DETALLES_COMPRA_FK_1` (`COD_COMPRA`);

--
-- Indices de la tabla `tbl_detalles_venta`
--
ALTER TABLE `tbl_detalles_venta`
  ADD PRIMARY KEY (`COD_DETALLE_VENTA`),
  ADD KEY `FK_DETALLES_VENTA_VENTAS_idx` (`COD_VENTA`),
  ADD KEY `FK_DETALLES_VENTA_ARTICULOS_idx` (`COD_ARTICULO`);

--
-- Indices de la tabla `tbl_inventario`
--
ALTER TABLE `tbl_inventario`
  ADD PRIMARY KEY (`CODINVENTARIO`),
  ADD KEY `tbl_inventario_FK` (`COD_ARTICULO`);

--
-- Indices de la tabla `tbl_metodo_pago`
--
ALTER TABLE `tbl_metodo_pago`
  ADD PRIMARY KEY (`COD_MET_PAGO`);

--
-- Indices de la tabla `tbl_movimientos`
--
ALTER TABLE `tbl_movimientos`
  ADD PRIMARY KEY (`COD_MOVIMIENTO`),
  ADD KEY `tbl_movimientos_FK` (`COD_ARTICULO`);

--
-- Indices de la tabla `tbl_objetos`
--
ALTER TABLE `tbl_objetos`
  ADD PRIMARY KEY (`COD_OBJETO`);

--
-- Indices de la tabla `tbl_parametros`
--
ALTER TABLE `tbl_parametros`
  ADD PRIMARY KEY (`ID_PARAMETRO`);

--
-- Indices de la tabla `tbl_permisos`
--
ALTER TABLE `tbl_permisos`
  ADD PRIMARY KEY (`COD_PERMISO`),
  ADD KEY `FK_ROL_PERMISOS_idx` (`COD_ROL`),
  ADD KEY `FK_OBJETO_PERMISOS_idx` (`COD_OBJETO`);

--
-- Indices de la tabla `tbl_personas`
--
ALTER TABLE `tbl_personas`
  ADD PRIMARY KEY (`COD_PERSONA`);

--
-- Indices de la tabla `tbl_preguntas`
--
ALTER TABLE `tbl_preguntas`
  ADD PRIMARY KEY (`COD_PREGUNTA`);

--
-- Indices de la tabla `tbl_pregunta_usuario`
--
ALTER TABLE `tbl_pregunta_usuario`
  ADD PRIMARY KEY (`COD_PREGUNTA_USUARIO`),
  ADD KEY `TBL_PREGUNTA_USUARIO_idx` (`COD_USUARIO`),
  ADD KEY `TBL_PREGUNTA_USUARIO_TBL_PREGUNTAS_idx` (`COD_PREGUNTA`);

--
-- Indices de la tabla `tbl_proveedores`
--
ALTER TABLE `tbl_proveedores`
  ADD PRIMARY KEY (`COD_PROVEEDOR`),
  ADD KEY `FK_TB_Proveedores_TB_PERSONAS_idx` (`COD_PERSONA`);

--
-- Indices de la tabla `tbl_roles`
--
ALTER TABLE `tbl_roles`
  ADD PRIMARY KEY (`COD_ROL`);

--
-- Indices de la tabla `tbl_tipo_clientes`
--
ALTER TABLE `tbl_tipo_clientes`
  ADD PRIMARY KEY (`COD_TIPO_CLIENTE`);

--
-- Indices de la tabla `tbl_usuarios`
--
ALTER TABLE `tbl_usuarios`
  ADD PRIMARY KEY (`COD_USUARIO`),
  ADD KEY `FK_USUARIO_PERSONA_idx` (`COD_PERSONA`),
  ADD KEY `TBL_USUARIOS_FK` (`COD_ROL`);

--
-- Indices de la tabla `tbl_ventas`
--
ALTER TABLE `tbl_ventas`
  ADD PRIMARY KEY (`COD_VENTA`),
  ADD KEY `FK_VENTAS_CLIENTES_idx` (`COD_CLIENTE`),
  ADD KEY `FK_VENTAS_MET_PAGOS_idx` (`COD_MET_PAGO`);

--
-- AUTO_INCREMENT de las tablas volcadas
--

--
-- AUTO_INCREMENT de la tabla `tbl_articulos`
--
ALTER TABLE `tbl_articulos`
  MODIFY `COD_ARTICULO` int(11) NOT NULL AUTO_INCREMENT, AUTO_INCREMENT=5;

--
-- AUTO_INCREMENT de la tabla `tbl_backup`
--
ALTER TABLE `tbl_backup`
  MODIFY `COD_BACKUP` int(11) NOT NULL AUTO_INCREMENT, AUTO_INCREMENT=7;

--
-- AUTO_INCREMENT de la tabla `tbl_bitacora`
--
ALTER TABLE `tbl_bitacora`
  MODIFY `COD_BITACORA` int(11) NOT NULL AUTO_INCREMENT, AUTO_INCREMENT=4091;

--
-- AUTO_INCREMENT de la tabla `tbl_cat_articulos`
--
ALTER TABLE `tbl_cat_articulos`
  MODIFY `COD_CATEGORIA` int(11) NOT NULL AUTO_INCREMENT, AUTO_INCREMENT=4;

--
-- AUTO_INCREMENT de la tabla `tbl_clientes`
--
ALTER TABLE `tbl_clientes`
  MODIFY `COD_CLIENTE` int(11) NOT NULL AUTO_INCREMENT, AUTO_INCREMENT=12;

--
-- AUTO_INCREMENT de la tabla `tbl_compras`
--
ALTER TABLE `tbl_compras`
  MODIFY `COD_COMPRA` int(11) NOT NULL AUTO_INCREMENT, AUTO_INCREMENT=38;

--
-- AUTO_INCREMENT de la tabla `tbl_detalles_compra`
--
ALTER TABLE `tbl_detalles_compra`
  MODIFY `COD_DETALLE_COMPRA` int(11) NOT NULL AUTO_INCREMENT, AUTO_INCREMENT=40;

--
-- AUTO_INCREMENT de la tabla `tbl_detalles_venta`
--
ALTER TABLE `tbl_detalles_venta`
  MODIFY `COD_DETALLE_VENTA` int(11) NOT NULL AUTO_INCREMENT, AUTO_INCREMENT=41;

--
-- AUTO_INCREMENT de la tabla `tbl_inventario`
--
ALTER TABLE `tbl_inventario`
  MODIFY `CODINVENTARIO` int(11) NOT NULL AUTO_INCREMENT, AUTO_INCREMENT=8;

--
-- AUTO_INCREMENT de la tabla `tbl_metodo_pago`
--
ALTER TABLE `tbl_metodo_pago`
  MODIFY `COD_MET_PAGO` int(11) NOT NULL AUTO_INCREMENT;

--
-- AUTO_INCREMENT de la tabla `tbl_movimientos`
--
ALTER TABLE `tbl_movimientos`
  MODIFY `COD_MOVIMIENTO` int(11) NOT NULL AUTO_INCREMENT, AUTO_INCREMENT=37;

--
-- AUTO_INCREMENT de la tabla `tbl_objetos`
--
ALTER TABLE `tbl_objetos`
  MODIFY `COD_OBJETO` int(11) NOT NULL AUTO_INCREMENT, AUTO_INCREMENT=25;

--
-- AUTO_INCREMENT de la tabla `tbl_parametros`
--
ALTER TABLE `tbl_parametros`
  MODIFY `ID_PARAMETRO` int(11) NOT NULL AUTO_INCREMENT, AUTO_INCREMENT=8;

--
-- AUTO_INCREMENT de la tabla `tbl_permisos`
--
ALTER TABLE `tbl_permisos`
  MODIFY `COD_PERMISO` int(11) NOT NULL AUTO_INCREMENT, AUTO_INCREMENT=27;

--
-- AUTO_INCREMENT de la tabla `tbl_personas`
--
ALTER TABLE `tbl_personas`
  MODIFY `COD_PERSONA` int(11) NOT NULL AUTO_INCREMENT, AUTO_INCREMENT=12;

--
-- AUTO_INCREMENT de la tabla `tbl_preguntas`
--
ALTER TABLE `tbl_preguntas`
  MODIFY `COD_PREGUNTA` int(11) NOT NULL AUTO_INCREMENT, AUTO_INCREMENT=6;

--
-- AUTO_INCREMENT de la tabla `tbl_pregunta_usuario`
--
ALTER TABLE `tbl_pregunta_usuario`
  MODIFY `COD_PREGUNTA_USUARIO` int(11) NOT NULL AUTO_INCREMENT, AUTO_INCREMENT=47;

--
-- AUTO_INCREMENT de la tabla `tbl_proveedores`
--
ALTER TABLE `tbl_proveedores`
  MODIFY `COD_PROVEEDOR` int(11) NOT NULL AUTO_INCREMENT, AUTO_INCREMENT=6;

--
-- AUTO_INCREMENT de la tabla `tbl_roles`
--
ALTER TABLE `tbl_roles`
  MODIFY `COD_ROL` int(11) NOT NULL AUTO_INCREMENT, AUTO_INCREMENT=6;

--
-- AUTO_INCREMENT de la tabla `tbl_tipo_clientes`
--
ALTER TABLE `tbl_tipo_clientes`
  MODIFY `COD_TIPO_CLIENTE` int(11) NOT NULL AUTO_INCREMENT, AUTO_INCREMENT=4;

--
-- AUTO_INCREMENT de la tabla `tbl_usuarios`
--
ALTER TABLE `tbl_usuarios`
  MODIFY `COD_USUARIO` int(11) NOT NULL AUTO_INCREMENT, AUTO_INCREMENT=14;

--
-- AUTO_INCREMENT de la tabla `tbl_ventas`
--
ALTER TABLE `tbl_ventas`
  MODIFY `COD_VENTA` int(11) NOT NULL AUTO_INCREMENT, AUTO_INCREMENT=37;

--
-- Restricciones para tablas volcadas
--

--
-- Filtros para la tabla `tbl_articulos`
--
ALTER TABLE `tbl_articulos`
  ADD CONSTRAINT `COD_CATEGORIA` FOREIGN KEY (`COD_CATEGORIA`) REFERENCES `tbl_cat_articulos` (`COD_CATEGORIA`);

--
-- Filtros para la tabla `tbl_clientes`
--
ALTER TABLE `tbl_clientes`
  ADD CONSTRAINT `FK_CLIENTE_PERSONA` FOREIGN KEY (`COD_PERSONA`) REFERENCES `tbl_personas` (`COD_PERSONA`),
  ADD CONSTRAINT `tbl_clientes_FK` FOREIGN KEY (`COD_TIPO_CLIENTE`) REFERENCES `tbl_tipo_clientes` (`COD_TIPO_CLIENTE`);

--
-- Filtros para la tabla `tbl_compras`
--
ALTER TABLE `tbl_compras`
  ADD CONSTRAINT `tbl_compras_FK` FOREIGN KEY (`COD_PROVEEDOR`) REFERENCES `tbl_proveedores` (`COD_PROVEEDOR`);

--
-- Filtros para la tabla `tbl_detalles_compra`
--
ALTER TABLE `tbl_detalles_compra`
  ADD CONSTRAINT `tbl_detalles_compra_FK` FOREIGN KEY (`COD_COMPRA`) REFERENCES `tbl_compras` (`COD_COMPRA`),
  ADD CONSTRAINT `tbl_detalles_compra_FK_1` FOREIGN KEY (`COD_ARTICULO`) REFERENCES `tbl_articulos` (`COD_ARTICULO`);

--
-- Filtros para la tabla `tbl_detalles_venta`
--
ALTER TABLE `tbl_detalles_venta`
  ADD CONSTRAINT `tbl_detalles_venta_FK` FOREIGN KEY (`COD_VENTA`) REFERENCES `tbl_ventas` (`COD_VENTA`),
  ADD CONSTRAINT `tbl_detalles_venta_FK_1` FOREIGN KEY (`COD_ARTICULO`) REFERENCES `tbl_articulos` (`COD_ARTICULO`);

--
-- Filtros para la tabla `tbl_inventario`
--
ALTER TABLE `tbl_inventario`
  ADD CONSTRAINT `tbl_inventario_FK` FOREIGN KEY (`COD_ARTICULO`) REFERENCES `tbl_articulos` (`COD_ARTICULO`);

--
-- Filtros para la tabla `tbl_movimientos`
--
ALTER TABLE `tbl_movimientos`
  ADD CONSTRAINT `tbl_movimientos_FK` FOREIGN KEY (`COD_ARTICULO`) REFERENCES `tbl_articulos` (`COD_ARTICULO`);

--
-- Filtros para la tabla `tbl_permisos`
--
ALTER TABLE `tbl_permisos`
  ADD CONSTRAINT `tbl_permisos_FK` FOREIGN KEY (`COD_OBJETO`) REFERENCES `tbl_objetos` (`COD_OBJETO`),
  ADD CONSTRAINT `tbl_permisos_FK_1` FOREIGN KEY (`COD_ROL`) REFERENCES `tbl_roles` (`COD_ROL`);

--
-- Filtros para la tabla `tbl_pregunta_usuario`
--
ALTER TABLE `tbl_pregunta_usuario`
  ADD CONSTRAINT `tbl_pregunta_usuario_FK` FOREIGN KEY (`COD_PREGUNTA`) REFERENCES `tbl_preguntas` (`COD_PREGUNTA`),
  ADD CONSTRAINT `tbl_pregunta_usuario_FK_1` FOREIGN KEY (`COD_USUARIO`) REFERENCES `tbl_usuarios` (`COD_USUARIO`);

--
-- Filtros para la tabla `tbl_proveedores`
--
ALTER TABLE `tbl_proveedores`
  ADD CONSTRAINT `tbl_proveedores_FK` FOREIGN KEY (`COD_PERSONA`) REFERENCES `tbl_personas` (`COD_PERSONA`);

--
-- Filtros para la tabla `tbl_usuarios`
--
ALTER TABLE `tbl_usuarios`
  ADD CONSTRAINT `tbl_usuarios_FK` FOREIGN KEY (`COD_ROL`) REFERENCES `tbl_roles` (`COD_ROL`),
  ADD CONSTRAINT `tbl_usuarios_FK_1` FOREIGN KEY (`COD_PERSONA`) REFERENCES `tbl_personas` (`COD_PERSONA`);

--
-- Filtros para la tabla `tbl_ventas`
--
ALTER TABLE `tbl_ventas`
  ADD CONSTRAINT `tbl_ventas_FK` FOREIGN KEY (`COD_CLIENTE`) REFERENCES `tbl_clientes` (`COD_CLIENTE`);
COMMIT;

/*!40101 SET CHARACTER_SET_CLIENT=@OLD_CHARACTER_SET_CLIENT */;
/*!40101 SET CHARACTER_SET_RESULTS=@OLD_CHARACTER_SET_RESULTS */;
/*!40101 SET COLLATION_CONNECTION=@OLD_COLLATION_CONNECTION */;
